,Company,Year,Rate,Word,Pair,Tri
0,betfair,2017,1,"{'app': 20, 'cash': 9, 'still': 8, 'ca': 7, 'bad': 6, 'money': 6, 'wo': 5, 'games': 5, 'deposit': 5, 'use': 5, 'suspended': 5, 'bet': 4, 'let': 4, 'account': 4, 'time': 4, 'one': 4, 'betting': 4, 'play': 4, 'take': 3, 'going': 3, 'withdraw': 3, 'photo': 3, 'using': 3, 'bets': 3, 'verify': 3, 'service': 3, 'poo': 3, 'funds': 3, 'get': 3, 'work': 3}","{('wo', 'let'): 4, ('deposit', 'money'): 3, ('really', 'bad'): 2, ('bad', 'app'): 2, ('bet', 'one'): 2, ('let', 'withdraw'): 2, ('ca', 'deposit'): 2, ('poo', 'poo'): 2, ('shockingly', 'bad'): 2, ('accept', 'button'): 2, ('customer', 'service'): 2, ('phones', 'gallery'): 1, ('refuses', 'take'): 1, ('licence', 'app'): 1, ('rubbish', 'cash'): 1, ('later', 'rubbish'): 1, ('weeks', 'later'): 1, ('app', 'refuses'): 1, ('verified', 'weeks'): 1, ('still', 'verified'): 1, ('page', 'still'): 1, ('take', 'wo'): 1, ('access', 'phones'): 1, ('web', 'page'): 1, ('done', 'web'): 1, ('id', 'done'): 1, ('upload', 'id'): 1, ('cash', 'still'): 1, ('let', 'upload'): 1, ('wo', 'access'): 1}","{('wo', 'let', 'withdraw'): 2, ('cash', 'suspension', 'whole'): 1, ('gallery', 'wo', 'let'): 1, ('later', 'rubbish', 'cash'): 1, ('weeks', 'later', 'rubbish'): 1, ('verified', 'weeks', 'later'): 1, ('still', 'verified', 'weeks'): 1, ('page', 'still', 'verified'): 1, ('web', 'page', 'still'): 1, ('done', 'web', 'page'): 1, ('id', 'done', 'web'): 1, ('upload', 'id', 'done'): 1, ('let', 'upload', 'id'): 1, ('wo', 'let', 'upload'): 1, ('phones', 'gallery', 'wo'): 1, ('cash', 'still', 'joke'): 1, ('access', 'phones', 'gallery'): 1, ('wo', 'access', 'phones'): 1, ('take', 'wo', 'access'): 1, ('refuses', 'take', 'wo'): 1, ('app', 'refuses', 'take'): 1, ('licence', 'app', 'refuses'): 1, ('driving', 'licence', 'app'): 1, ('passport', 'driving', 'licence'): 1, ('photo', 'passport', 'driving'): 1, ('verify', 'photo', 'passport'): 1, ('unless', 'verify', 'photo'): 1, ('funds', 'unless', 'verify'): 1, ('rubbish', 'cash', 'still'): 1, ('still', 'joke', 'bets'): 1}"
0,betfair,2017,2,"{'working': 2, 'use': 2, 'used': 1, 'downloaded': 1, 'slower': 1, 'laggy': 1, 'slow': 1, 'annoying': 1, 'stopping': 1, 'keeps': 1, 'work': 1, 'wont': 1, 'like': 1, 'k': 1, 'stopped': 1, 'still': 1, 'terrible': 1, 'pretty': 1, 'account': 1, 'credit': 1, 'fix': 1, 'please': 1, 'website': 1}","{('used', 'stopped'): 1, ('stopped', 'working'): 1, ('laggy', 'slower'): 1, ('slow', 'laggy'): 1, ('annoying', 'slow'): 1, ('working', 'annoying'): 1, ('stopping', 'working'): 1, ('keeps', 'stopping'): 1, ('work', 'keeps'): 1, ('wont', 'work'): 1, ('downloaded', 'wont'): 1, ('k', 'downloaded'): 1, ('like', 'k'): 1, ('use', 'like'): 1, ('still', 'use'): 1, ('terrible', 'still'): 1, ('pretty', 'terrible'): 1, ('account', 'pretty'): 1, ('credit', 'account'): 1, ('use', 'credit'): 1, ('fix', 'use'): 1, ('please', 'fix'): 1, ('working', 'please'): 1, ('slower', 'website'): 1}","{('used', 'stopped', 'working'): 1, ('like', 'k', 'downloaded'): 1, ('slow', 'laggy', 'slower'): 1, ('annoying', 'slow', 'laggy'): 1, ('working', 'annoying', 'slow'): 1, ('stopping', 'working', 'annoying'): 1, ('keeps', 'stopping', 'working'): 1, ('work', 'keeps', 'stopping'): 1, ('wont', 'work', 'keeps'): 1, ('downloaded', 'wont', 'work'): 1, ('k', 'downloaded', 'wont'): 1, ('use', 'like', 'k'): 1, ('stopped', 'working', 'please'): 1, ('still', 'use', 'like'): 1, ('terrible', 'still', 'use'): 1, ('pretty', 'terrible', 'still'): 1, ('account', 'pretty', 'terrible'): 1, ('credit', 'account', 'pretty'): 1, ('use', 'credit', 'account'): 1, ('fix', 'use', 'credit'): 1, ('please', 'fix', 'use'): 1, ('working', 'please', 'fix'): 1, ('laggy', 'slower', 'website'): 1}"
0,betfair,2017,3,"{'cash': 2, 'page': 2, 'bets': 2, 'also': 2, 'pretty': 1, 'save': 1, 'obvious': 1, 'place': 1, 'offer': 1, 'show': 1, 'unable': 1, 'register': 1, 'card': 1, 'details': 1, 'access': 1, 'seems': 1, 'ok': 1, 'otherwise': 1, 'needs': 1, 'option': 1, 'taking': 1, 'team': 1, 'coupon': 1, 'app': 1, 'loads': 1, 'games': 1, 'match': 1, 'pages': 1, 'find': 1, 'like': 1}","{('pretty', 'good'): 1, ('access', 'games'): 1, ('cash', 'page'): 1, ('page', 'obvious'): 1, ('obvious', 'place'): 1, ('place', 'also'): 1, ('also', 'bets'): 1, ('bets', 'offer'): 1, ('offer', 'cash'): 1, ('cash', 'show'): 1, ('show', 'unable'): 1, ('unable', 'register'): 1, ('register', 'card'): 1, ('card', 'save'): 1, ('save', 'details'): 1, ('details', 'seems'): 1, ('seems', 'ok'): 1, ('ok', 'otherwise'): 1, ('otherwise', 'needs'): 1, ('needs', 'option'): 1, ('option', 'taking'): 1, ('taking', 'team'): 1, ('team', 'coupon'): 1, ('coupon', 'app'): 1, ('app', 'loads'): 1, ('games', 'cash'): 1, ('pages', 'access'): 1, ('good', 'like'): 1, ('match', 'pages'): 1, ('like', 'notifications'): 1}","{('pretty', 'good', 'like'): 1, ('good', 'like', 'notifications'): 1, ('games', 'cash', 'page'): 1, ('cash', 'page', 'obvious'): 1, ('page', 'obvious', 'place'): 1, ('obvious', 'place', 'also'): 1, ('place', 'also', 'bets'): 1, ('also', 'bets', 'offer'): 1, ('bets', 'offer', 'cash'): 1, ('offer', 'cash', 'show'): 1, ('cash', 'show', 'unable'): 1, ('show', 'unable', 'register'): 1, ('unable', 'register', 'card'): 1, ('register', 'card', 'save'): 1, ('card', 'save', 'details'): 1, ('save', 'details', 'seems'): 1, ('details', 'seems', 'ok'): 1, ('seems', 'ok', 'otherwise'): 1, ('ok', 'otherwise', 'needs'): 1, ('otherwise', 'needs', 'option'): 1, ('needs', 'option', 'taking'): 1, ('option', 'taking', 'team'): 1, ('taking', 'team', 'coupon'): 1, ('team', 'coupon', 'app'): 1, ('coupon', 'app', 'loads'): 1, ('access', 'games', 'cash'): 1, ('pages', 'access', 'games'): 1, ('match', 'pages', 'access'): 1, ('find', 'fixtures', 'bet'): 1, ('like', 'notifications', 'feature'): 1}"
0,betfair,2017,4,"{'good': 10, 'app': 9, 'could': 3, 'better': 3, 'login': 2, 'use': 2, 'getting': 2, 'betting': 2, 'would': 2, 'notifications': 2, 'cash': 2, 'running': 2, 'layout': 2, 'fingerprint': 2, 'decimals': 2, 'odds': 2, 'like': 2, 'fractions': 2, 'working': 2, 'think': 1, 'horses': 1, 'gives': 1, 'red': 1, 'details': 1, 'make': 1, 'football': 1, 'things': 1, 'teams': 1, 'betted': 1, 'scored': 1}","{('good', 'app'): 4, ('app', 'good'): 3, ('could', 'better'): 2, ('betting', 'app'): 2, ('fingerprint', 'login'): 2, ('like', 'fingerprint'): 1, ('teams', 'betted'): 1, ('football', 'teams'): 1, ('notifications', 'football'): 1, ('gives', 'notifications'): 1, ('app', 'gives'): 1, ('think', 'good'): 1, ('quicker', 'think'): 1, ('things', 'quicker'): 1, ('make', 'things'): 1, ('login', 'make'): 1, ('would', 'like'): 1, ('scored', 'received'): 1, ('horses', 'would'): 1, ('details', 'horses'): 1, ('good', 'details'): 1, ('great', 'app'): 1, ('good', 'great'): 1, ('greater', 'good'): 1, ('could', 'greater'): 1, ('variety', 'could'): 1, ('settlements', 'variety'): 1, ('quick', 'settlements'): 1, ('game', 'quick'): 1, ('pp', 'game'): 1}","{('betting', 'app', 'good'): 2, ('could', 'better', 'settled'): 1, ('horses', 'would', 'like'): 1, ('football', 'teams', 'betted'): 1, ('notifications', 'football', 'teams'): 1, ('gives', 'notifications', 'football'): 1, ('app', 'gives', 'notifications'): 1, ('good', 'app', 'gives'): 1, ('think', 'good', 'app'): 1, ('quicker', 'think', 'good'): 1, ('things', 'quicker', 'think'): 1, ('make', 'things', 'quicker'): 1, ('login', 'make', 'things'): 1, ('fingerprint', 'login', 'make'): 1, ('like', 'fingerprint', 'login'): 1, ('would', 'like', 'fingerprint'): 1, ('details', 'horses', 'would'): 1, ('betted', 'scored', 'received'): 1, ('good', 'details', 'horses'): 1, ('app', 'good', 'details'): 1, ('great', 'app', 'good'): 1, ('good', 'great', 'app'): 1, ('greater', 'good', 'great'): 1, ('could', 'greater', 'good'): 1, ('variety', 'could', 'greater'): 1, ('settlements', 'variety', 'could'): 1, ('quick', 'settlements', 'variety'): 1, ('game', 'quick', 'settlements'): 1, ('pp', 'game', 'quick'): 1, ('like', 'pp', 'game'): 1}"
0,betfair,2017,5,"{'app': 26, 'great': 15, 'use': 13, 'good': 12, 'easy': 10, 'love': 8, 'betting': 5, 'like': 4, 'better': 4, 'issues': 3, 'best': 3, 'far': 3, 'going': 2, 'football': 2, 'one': 2, 'think': 2, 'betfair': 2, 'well': 2, 'much': 2, 'alot': 2, 'previous': 2, 'since': 2, 'sites': 2, 'end': 2, 'win': 2, 'work': 2, 'lot': 2, 'site': 2, 'excellent': 2, 'top': 2}","{('great', 'app'): 9, ('easy', 'use'): 9, ('betting', 'app'): 3, ('app', 'great'): 3, ('app', 'easy'): 3, ('good', 'app'): 3, ('app', 'love'): 2, ('app', 'far'): 2, ('app', 'good'): 2, ('love', 'app'): 2, ('score', 'notifications'): 1, ('sites', 'score'): 1, ('would', 'like'): 1, ('good', 'work'): 1, ('work', 'great'): 1, ('concise', 'would'): 1, ('love', 'acca'): 1, ('acca', 'edge'): 1, ('edge', 'feature'): 1, ('feature', 'still'): 1, ('still', 'win'): 1, ('clear', 'concise'): 1, ('win', 'something'): 1, ('something', 'one'): 1, ('use', 'clear'): 1, ('one', 'leg'): 1, ('leg', 'loses'): 1, ('way', 'easy'): 1, ('keep', 'good'): 1, ('like', 'way'): 1}","{('app', 'easy', 'use'): 3, ('app', 'great', 'app'): 3, ('great', 'app', 'easy'): 2, ('great', 'app', 'far'): 2, ('good', 'gid', 'brilliant'): 1, ('sites', 'score', 'notifications'): 1, ('gambling', 'sites', 'score'): 1, ('better', 'gambling', 'sites'): 1, ('app', 'better', 'gambling'): 1, ('good', 'app', 'better'): 1, ('loses', 'good', 'app'): 1, ('notifications', 'handy', 'like'): 1, ('leg', 'loses', 'good'): 1, ('one', 'leg', 'loses'): 1, ('something', 'one', 'leg'): 1, ('win', 'something', 'one'): 1, ('still', 'win', 'something'): 1, ('score', 'notifications', 'handy'): 1, ('like', 'way', 'easy'): 1, ('handy', 'like', 'way'): 1, ('edge', 'feature', 'still'): 1, ('way', 'easy', 'use'): 1, ('easy', 'use', 'clear'): 1, ('use', 'clear', 'concise'): 1, ('clear', 'concise', 'would'): 1, ('concise', 'would', 'like'): 1, ('would', 'like', 'scored'): 1, ('like', 'scored', 'play'): 1, ('scored', 'play', 'bets'): 1, ('play', 'bets', 'much'): 1}"
0,betfair,2018,1,"{'app': 40, 'bet': 31, 'money': 16, 'account': 16, 'wo': 14, 'still': 12, 'even': 12, 'ca': 12, 'betfair': 12, 'open': 11, 'time': 10, 'cash': 10, 'use': 9, 'get': 9, 'want': 8, 'bets': 8, 'work': 8, 'never': 8, 'times': 8, 'update': 8, 'back': 7, 'try': 7, 'nothing': 7, 'working': 7, 'load': 7, 'customer': 7, 'go': 6, 'please': 6, 'screen': 6, 'phone': 6}","{('customer', 'service'): 5, ('betting', 'app'): 4, ('money', 'account'): 4, ('free', 'bet'): 4, ('app', 'wo'): 3, ('load', 'android'): 3, ('wo', 'load'): 3, ('app', 'ever'): 3, ('wo', 'let'): 3, ('wo', 'open'): 3, ('worst', 'betting'): 3, ('go', 'back'): 3, ('ca', 'open'): 3, ('open', 'app'): 3, ('take', 'money'): 2, ('account', 'even'): 2, ('load', 'past'): 2, ('bet', 'fair'): 2, ('wont', 'open'): 2, ('ca', 'get'): 2, ('lost', 'bet'): 2, ('working', 'fine'): 2, ('app', 'used'): 2, ('many', 'times'): 2, ('terrible', 'app'): 2, ('account', 'suspended'): 2, ('use', 'cash'): 2, ('much', 'better'): 2, ('betfair', 'reset'): 2, ('ca', 'log'): 2}","{('worst', 'betting', 'app'): 3, ('get', 'money', 'back'): 2, ('please', 'try', 'later'): 2, ('wrong', 'please', 'try'): 2, ('go', 'back', 'pick'): 2, ('since', 'latest', 'update'): 2, ('went', 'wrong', 'please'): 2, ('something', 'went', 'wrong'): 2, ('back', 'pick', 'another'): 2, ('ca', 'open', 'app'): 2, ('wo', 'load', 'past'): 2, ('account', 'get', 'change'): 1, ('get', 'change', 'another'): 1, ('change', 'another', 'company'): 1, ('money', 'account', 'get'): 1, ('another', 'company', 'terrible'): 1, ('take', 'money', 'account'): 1, ('still', 'cant', 'make'): 1, ('log', 'take', 'money'): 1, ('terrible', 'would', 'rate'): 1, ('ca', 'log', 'take'): 1, ('better', 'ca', 'log'): 1, ('much', 'better', 'ca'): 1, ('website', 'much', 'better'): 1, ('time', 'website', 'much'): 1, ('company', 'terrible', 'would'): 1, ('good', 'bet', 'going'): 1, ('would', 'rate', 'stars'): 1, ('rate', 'stars', 'possible'): 1, ('stars', 'possible', 'good'): 1}"
0,betfair,2018,2,"{'app': 17, 'bet': 14, 'cash': 9, 'money': 8, 'time': 8, 'bets': 7, 'back': 6, 'wo': 6, 'team': 6, 'keeps': 5, 'go': 5, 'load': 4, 'think': 4, 'game': 4, 'score': 4, 'issue': 4, 'even': 4, 'see': 4, 'problem': 4, 'like': 4, 'every': 4, 'use': 3, 'account': 3, 'getting': 3, 'notifications': 3, 'works': 3, 'screen': 3, 'place': 3, 'poor': 3, 'live': 3}","{('bet', 'team'): 3, ('every', 'time'): 3, ('always', 'bet'): 2, ('wo', 'let'): 2, ('wo', 'open'): 2, ('game', 'issue'): 2, ('live', 'feed'): 2, ('something', 'like'): 2, ('place', 'bets'): 2, ('keeps', 'logging'): 2, ('go', 'back'): 2, ('bank', 'account'): 2, ('exchange', 'app'): 2, ('time', 'try'): 2, ('logging', 'every'): 1, ('fine', 'keeps'): 1, ('longer', 'sends'): 1, ('time', 'change'): 1, ('change', 'screens'): 1, ('screens', 'wo'): 1, ('app', 'fine'): 1, ('unusable', 'last'): 1, ('week', 'app'): 1, ('last', 'week'): 1, ('use', 'cash'): 1, ('app', 'unusable'): 1, ('score', 'app'): 1, ('low', 'score'): 1, ('give', 'low'): 1, ('freezes', 'give'): 1}","{('every', 'time', 'try'): 2, ('longer', 'sends', 'notifications'): 1, ('fine', 'keeps', 'logging'): 1, ('morning', 'already', 'cosy'): 1, ('since', 'morning', 'already'): 1, ('feature', 'since', 'morning'): 1, ('cash', 'feature', 'since'): 1, ('use', 'cash', 'feature'): 1, ('let', 'use', 'cash'): 1, ('wo', 'let', 'use'): 1, ('screens', 'wo', 'let'): 1, ('change', 'screens', 'wo'): 1, ('time', 'change', 'screens'): 1, ('every', 'time', 'change'): 1, ('logging', 'every', 'time'): 1, ('keeps', 'logging', 'every'): 1, ('app', 'fine', 'keeps'): 1, ('cosy', 'money', 'every'): 1, ('week', 'app', 'fine'): 1, ('last', 'week', 'app'): 1, ('unusable', 'last', 'week'): 1, ('app', 'unusable', 'last'): 1, ('score', 'app', 'unusable'): 1, ('low', 'score', 'app'): 1, ('give', 'low', 'score'): 1, ('freezes', 'give', 'low'): 1, ('still', 'freezes', 'give'): 1, ('reinstalled', 'still', 'freezes'): 1, ('screen', 'reinstalled', 'still'): 1, ('startup', 'screen', 'reinstalled'): 1}"
0,betfair,2018,3,"{'bet': 6, 'app': 4, 'wo': 3, 'tell': 3, 'money': 3, 'betting': 3, 'open': 3, 'work': 3, 'back': 3, 'get': 3, 'also': 2, 'really': 2, 'takes': 2, 'top': 2, 'win': 2, 'sites': 2, 'frustrating': 2, 'often': 2, 'still': 2, 'placed': 2, 'play': 2, 'problem': 2, 'game': 2, 'please': 2, 'waiting': 2, 'good': 2, 'working': 2, 'notifications': 2, 'hours': 2, 'come': 2}","{('play', 'bet'): 2, ('still', 'waiting'): 2, ('wo', 'open'): 2, ('app', 'wo'): 2, ('push', 'notifications'): 1, ('golf', 'example'): 1, ('example', 'get'): 1, ('get', 'free'): 1, ('free', 'bet'): 1, ('bet', 'whatever'): 1, ('whatever', 'promised'): 1, ('promised', 'surprised'): 1, ('surprised', 'push'): 1, ('good', 'app'): 1, ('less', 'places'): 1, ('notifications', 'dont'): 1, ('dont', 'seem'): 1, ('seem', 'work'): 1, ('work', 'plus'): 1, ('plus', 'brilliant'): 1, ('brilliant', 'app'): 1, ('app', 'open'): 1, ('open', 'fixed'): 1, ('fixed', 'tried'): 1, ('tried', 'uninstalling'): 1, ('uninstalling', 'reinstalling'): 1, ('places', 'golf'): 1, ('good', 'sites'): 1, ('sites', 'less'): 1, ('work', 'please'): 1}","{('app', 'wo', 'open'): 2, ('good', 'app', 'get'): 1, ('sites', 'less', 'places'): 1, ('places', 'golf', 'example'): 1, ('golf', 'example', 'get'): 1, ('example', 'get', 'free'): 1, ('get', 'free', 'bet'): 1, ('free', 'bet', 'whatever'): 1, ('bet', 'whatever', 'promised'): 1, ('whatever', 'promised', 'surprised'): 1, ('promised', 'surprised', 'push'): 1, ('surprised', 'push', 'notifications'): 1, ('push', 'notifications', 'dont'): 1, ('notifications', 'dont', 'seem'): 1, ('dont', 'seem', 'work'): 1, ('seem', 'work', 'plus'): 1, ('work', 'plus', 'brilliant'): 1, ('plus', 'brilliant', 'app'): 1, ('brilliant', 'app', 'open'): 1, ('app', 'open', 'fixed'): 1, ('open', 'fixed', 'tried'): 1, ('fixed', 'tried', 'uninstalling'): 1, ('tried', 'uninstalling', 'reinstalling'): 1, ('uninstalling', 'reinstalling', 'work'): 1, ('reinstalling', 'work', 'please'): 1, ('less', 'places', 'golf'): 1, ('good', 'sites', 'less'): 1, ('please', 'fix', 'often'): 1, ('working', 'days', 'yo'): 1, ('bet', 'totalled', 'personal'): 1}"
0,betfair,2018,4,"{'good': 21, 'app': 19, 'use': 13, 'great': 8, 'easy': 8, 'like': 7, 'odds': 6, 'bets': 5, 'bit': 5, 'bad': 4, 'slow': 3, 'football': 3, 'happy': 3, 'best': 3, 'times': 3, 'would': 3, 'love': 2, 'racing': 2, 'live': 2, 'horse': 2, 'play': 2, 'games': 2, 'quick': 2, 'get': 2, 'gamble': 2, 'cash': 2, 'experience': 2, 'lose': 2, 'time': 2, 'nice': 2}","{('good', 'app'): 5, ('easy', 'use'): 5, ('app', 'good'): 4, ('like', 'app'): 4, ('great', 'app'): 3, ('bit', 'slow'): 3, ('good', 'good'): 3, ('best', 'odds'): 2, ('app', 'easy'): 2, ('nice', 'app'): 2, ('would', 'great'): 2, ('odds', 'seem'): 1, ('football', 'odds'): 1, ('best', 'football'): 1, ('games', 'best'): 1, ('casino', 'games'): 1, ('sport', 'casino'): 1, ('app', 'sport'): 1, ('gone', 'app'): 1, ('usually', 'best'): 1, ('odds', 'good'): 1, ('hell', 'gone'): 1, ('guage', 'hell'): 1, ('difficult', 'guage'): 1, ('away', 'difficult'): 1, ('prices', 'away'): 1, ('remove', 'prices'): 1, ('seem', 'always'): 1, ('works', 'well'): 1, ('always', 'best'): 1}","{('good', 'good', 'app'): 2, ('good', 'app', 'good'): 2, ('like', 'app', 'easy'): 2, ('app', 'easy', 'use'): 2, ('love', 'much', 'stats'): 1, ('casino', 'games', 'best'): 1, ('always', 'best', 'odds'): 1, ('seem', 'always', 'best'): 1, ('odds', 'seem', 'always'): 1, ('football', 'odds', 'seem'): 1, ('best', 'football', 'odds'): 1, ('games', 'best', 'football'): 1, ('app', 'sport', 'casino'): 1, ('sport', 'casino', 'games'): 1, ('odds', 'football', 'excellent'): 1, ('gone', 'app', 'sport'): 1, ('hell', 'gone', 'app'): 1, ('guage', 'hell', 'gone'): 1, ('difficult', 'guage', 'hell'): 1, ('away', 'difficult', 'guage'): 1, ('prices', 'away', 'difficult'): 1, ('remove', 'prices', 'away'): 1, ('best', 'odds', 'football'): 1, ('excellent', 'time', 'wo'): 1, ('football', 'excellent', 'time'): 1, ('bets', 'works', 'well'): 1, ('odds', 'good', 'bonuses'): 1, ('best', 'odds', 'good'): 1, ('usually', 'best', 'odds'): 1, ('app', 'usually', 'best'): 1}"
0,betfair,2018,5,"{'app': 125, 'good': 67, 'great': 66, 'easy': 62, 'use': 53, 'betting': 43, 'best': 41, 'love': 18, 'odds': 18, 'site': 15, 'bet': 14, 'like': 12, 'excellent': 11, 'bets': 11, 'quick': 10, 'brilliant': 9, 'well': 9, 'happy': 9, 'works': 9, 'betfair': 9, 'one': 8, 'simple': 8, 'free': 8, 'far': 8, 'cash': 8, 'service': 8, 'nice': 7, 'navigate': 7, 'better': 6, 'friendly': 6}","{('easy', 'use'): 41, ('great', 'app'): 33, ('betting', 'app'): 21, ('good', 'app'): 19, ('best', 'betting'): 18, ('app', 'easy'): 15, ('app', 'good'): 14, ('use', 'great'): 12, ('app', 'great'): 9, ('app', 'best'): 6, ('free', 'bets'): 6, ('use', 'good'): 6, ('easy', 'navigate'): 6, ('user', 'friendly'): 6, ('excellent', 'app'): 5, ('quick', 'easy'): 5, ('best', 'odds'): 5, ('odds', 'easy'): 5, ('good', 'great'): 5, ('odds', 'good'): 4, ('use', 'best'): 4, ('betting', 'site'): 4, ('great', 'odds'): 4, ('top', 'app'): 4, ('app', 'betting'): 4, ('love', 'app'): 4, ('happy', 'app'): 4, ('good', 'odds'): 4, ('one', 'best'): 4, ('use', 'easy'): 3}","{('app', 'easy', 'use'): 13, ('best', 'betting', 'app'): 12, ('easy', 'use', 'great'): 10, ('great', 'app', 'easy'): 7, ('app', 'great', 'app'): 7, ('great', 'app', 'good'): 7, ('easy', 'use', 'good'): 6, ('odds', 'easy', 'use'): 4, ('quick', 'easy', 'use'): 4, ('app', 'good', 'great'): 4, ('app', 'good', 'app'): 4, ('use', 'great', 'app'): 4, ('betting', 'app', 'easy'): 4, ('app', 'happy', 'app'): 3, ('good', 'app', 'good'): 3, ('far', 'best', 'betting'): 3, ('use', 'easy', 'use'): 3, ('easy', 'use', 'easy'): 3, ('app', 'best', 'betting'): 3, ('betting', 'app', 'best'): 3, ('sports', 'betting', 'app'): 2, ('easy', 'navigate', 'great'): 2, ('keep', 'good', 'work'): 2, ('like', 'options', 'like'): 2, ('best', 'site', 'online'): 2, ('easy', 'use', 'love'): 2, ('good', 'cash', 'outs'): 2, ('great', 'app', 'great'): 2, ('great', 'odds', 'good'): 2, ('odds', 'good', 'app'): 2}"
0,betfair,2019,1,"{'app': 91, 'slow': 42, 'bet': 35, 'betting': 22, 'time': 21, 'get': 17, 'bets': 17, 'good': 16, 'update': 15, 'open': 14, 'odds': 14, 'would': 13, 'betfair': 13, 'load': 13, 'poor': 12, 'use': 12, 'terrible': 11, 'cash': 11, 'account': 11, 'win': 10, 'work': 10, 'worst': 10, 'put': 10, 'back': 10, 'takes': 9, 'dont': 9, 'take': 9, 'ever': 9, 'still': 9, 'tried': 8}","{('customer', 'service'): 5, ('betting', 'app'): 5, ('uninstalled', 'reinstalled'): 5, ('worst', 'betting'): 4, ('really', 'slow'): 4, ('app', 'slow'): 4, ('app', 'website'): 4, ('slow', 'app'): 4, ('since', 'update'): 3, ('slow', 'unresponsive'): 3, ('betting', 'apps'): 3, ('latest', 'version'): 3, ('new', 'update'): 3, ('another', 'betting'): 3, ('slow', 'load'): 3, ('terrible', 'app'): 3, ('placed', 'bet'): 3, ('app', 'terrible'): 3, ('free', 'spins'): 3, ('exchange', 'app'): 3, ('takes', 'forever'): 2, ('plz', 'plz'): 2, ('app', 'incredibly'): 2, ('ca', 'get'): 2, ('service', 'appalling'): 2, ('use', 'another'): 2, ('terms', 'conditions'): 2, ('get', 'app'): 2, ('app', 'way'): 2, ('way', 'slow'): 2}","{('worst', 'betting', 'app'): 3, ('another', 'betting', 'app'): 2, ('bets', 'dont', 'get'): 2, ('uninstalled', 'reinstalled', 'app'): 2, ('customer', 'service', 'appalling'): 2, ('slow', 'responding', 'app'): 2, ('worst', 'app', 'used'): 2, ('performance', 'current', 'version'): 1, ('slowed', 'application', 'point'): 1, ('application', 'point', 'unusable'): 1, ('point', 'unusable', 'going'): 1, ('going', 'sort', 'app'): 1, ('unusable', 'going', 'sort'): 1, ('recent', 'updates', 'slowed'): 1, ('sort', 'app', 'way'): 1, ('app', 'way', 'slow'): 1, ('way', 'slow', 'took'): 1, ('slow', 'took', 'mins'): 1, ('updates', 'slowed', 'application'): 1, ('exchange', 'app', 'recent'): 1, ('app', 'recent', 'updates'): 1, ('mins', 'put', 'fold'): 1, ('miles', 'exchange', 'app'): 1, ('navigate', 'miles', 'exchange'): 1, ('slow', 'navigate', 'miles'): 1, ('incredibly', 'slow', 'navigate'): 1, ('watch', 'incredibly', 'slow'): 1, ('available', 'watch', 'incredibly'): 1, ('despite', 'available', 'watch'): 1, ('matches', 'despite', 'available'): 1}"
0,betfair,2019,2,"{'app': 22, 'slow': 11, 'update': 6, 'game': 5, 'good': 5, 'cash': 4, 'mobile': 4, 'like': 4, 'bet': 4, 'latest': 4, 'android': 4, 'running': 4, 'tried': 4, 'money': 4, 'betfair': 4, 'takes': 3, 'load': 3, 'betting': 3, 'freezing': 3, 'even': 3, 'want': 3, 'odds': 3, 'games': 3, 'wait': 2, 'soon': 2, 'using': 2, 'apps': 2, 'make': 2, 'withdraw': 2, 'would': 2}","{('app', 'slow'): 4, ('slow', 'app'): 2, ('latest', 'update'): 2, ('latest', 'version'): 2, ('android', 'pie'): 2, ('running', 'android'): 2, ('takes', 'ages'): 2, ('mobile', 'website'): 2, ('version', 'app'): 2, ('slow', 'problems'): 1, ('stats', 'gone'): 1, ('cash', 'go'): 1, ('sorry', 'written'): 1, ('stat', 'sorry'): 1, ('even', 'stat'): 1, ('games', 'even'): 1, ('many', 'games'): 1, ('good', 'many'): 1, ('bad', 'good'): 1, ('gone', 'bad'): 1, ('game', 'stats'): 1, ('offered', 'slow'): 1, ('cash', 'game'): 1, ('gone', 'cash'): 1, ('betslip', 'gone'): 1, ('starts', 'betslip'): 1, ('game', 'starts'): 1, ('go', 'exchange'): 1, ('exchange', 'cant'): 1, ('soon', 'game'): 1}","{('latest', 'version', 'app'): 2, ('good', 'many', 'games'): 1, ('destroying', 'sad', 'anything'): 1, ('company', 'destroying', 'sad'): 1, ('good', 'company', 'destroying'): 1, ('instead', 'good', 'company'): 1, ('written', 'instead', 'good'): 1, ('sorry', 'written', 'instead'): 1, ('stat', 'sorry', 'written'): 1, ('even', 'stat', 'sorry'): 1, ('games', 'even', 'stat'): 1, ('many', 'games', 'even'): 1, ('bad', 'good', 'many'): 1, ('anything', 'bank', 'related'): 1, ('gone', 'bad', 'good'): 1, ('stats', 'gone', 'bad'): 1, ('game', 'stats', 'gone'): 1, ('cash', 'game', 'stats'): 1, ('gone', 'cash', 'game'): 1, ('betslip', 'gone', 'cash'): 1, ('starts', 'betslip', 'gone'): 1, ('game', 'starts', 'betslip'): 1, ('soon', 'game', 'starts'): 1, ('cash', 'soon', 'game'): 1, ('sad', 'anything', 'bank'): 1, ('app', 'completely', 'unusable'): 1, ('able', 'cash', 'soon'): 1, ('offered', 'slow', 'problems'): 1, ('anymore', 'hate', 'app'): 1, ('games', 'anymore', 'hate'): 1}"
0,betfair,2019,3,"{'app': 10, 'slow': 10, 'use': 8, 'good': 8, 'great': 7, 'cash': 7, 'betting': 5, 'bets': 5, 'easy': 4, 'better': 4, 'ca': 4, 'ok': 4, 'bet': 4, 'like': 4, 'apps': 4, 'job': 3, 'works': 3, 'see': 3, 'faster': 3, 'would': 3, 'update': 3, 'back': 3, 'load': 3, 'page': 3, 'get': 3, 'using': 2, 'pages': 2, 'even': 2, 'though': 2, 'time': 2}","{('betting', 'apps'): 3, ('easy', 'use'): 3, ('great', 'app'): 2, ('non', 'runner'): 2, ('app', 'faster'): 1, ('u', 'non'): 1, ('n', 'get'): 1, ('win', 'n'): 1, ('horses', 'win'): 1, ('n', 'horses'): 1, ('runner', 'n'): 1, ('wen', 'u'): 1, ('nothing', 'back'): 1, ('like', 'wen'): 1, ('app', 'like'): 1, ('gud', 'app'): 1, ('firm', 'gud'): 1, ('betting', 'firm'): 1, ('another', 'betting'): 1, ('using', 'another'): 1, ('sort', 'using'): 1, ('dont', 'sort'): 1, ('get', 'nothing'): 1, ('back', 'u'): 1, ('last', 'month'): 1, ('take', 'ages'): 1, ('new', 'site'): 1, ('issues', 'new'): 1, ('stability', 'issues'): 1, ('mistakes', 'stability'): 1}","{('app', 'faster', 'would'): 1, ('back', 'u', 'shud'): 1, ('get', 'nothing', 'back'): 1, ('n', 'get', 'nothing'): 1, ('win', 'n', 'get'): 1, ('horses', 'win', 'n'): 1, ('n', 'horses', 'win'): 1, ('runner', 'n', 'horses'): 1, ('non', 'runner', 'n'): 1, ('u', 'non', 'runner'): 1, ('wen', 'u', 'non'): 1, ('like', 'wen', 'u'): 1, ('app', 'like', 'wen'): 1, ('gud', 'app', 'like'): 1, ('firm', 'gud', 'app'): 1, ('betting', 'firm', 'gud'): 1, ('another', 'betting', 'firm'): 1, ('using', 'another', 'betting'): 1, ('sort', 'using', 'another'): 1, ('dont', 'sort', 'using'): 1, ('month', 'dont', 'sort'): 1, ('nothing', 'back', 'u'): 1, ('u', 'shud', 'get'): 1, ('app', 'anf', 'one'): 1, ('shud', 'get', 'ya'): 1, ('site', 'quick', 'look'): 1, ('new', 'site', 'quick'): 1, ('issues', 'new', 'site'): 1, ('stability', 'issues', 'new'): 1, ('mistakes', 'stability', 'issues'): 1}"
0,betfair,2019,4,"{'good': 63, 'app': 48, 'easy': 23, 'use': 20, 'great': 18, 'betting': 12, 'like': 7, 'would': 7, 'slow': 7, 'ya': 6, 'money': 6, 'bet': 6, 'find': 6, 'navigate': 6, 'odds': 6, 'account': 5, 'decent': 5, 'betfair': 5, 'ok': 5, 'cash': 5, 'better': 5, 'bets': 5, 'get': 5, 'performance': 5, 'ca': 4, 'thing': 4, 'deposit': 4, 'using': 4, 'used': 4, 'little': 4}","{('good', 'app'): 15, ('easy', 'use'): 11, ('great', 'app'): 9, ('app', 'good'): 9, ('betting', 'app'): 6, ('good', 'good'): 5, ('easy', 'navigate'): 5, ('app', 'easy'): 5, ('good', 'easy'): 4, ('good', 'odds'): 4, ('use', 'good'): 3, ('app', 'great'): 3, ('pretty', 'good'): 3, ('good', 'experience'): 3, ('good', 'promotions'): 2, ('decent', 'app'): 2, ('use', 'pretty'): 2, ('app', 'works'): 2, ('otherwise', 'good'): 2, ('navigate', 'good'): 2, ('free', 'bets'): 2, ('good', 'betting'): 2, ('simple', 'use'): 2, ('use', 'great'): 2, ('use', 'app'): 2, ('deposit', 'money'): 2, ('app', 'little'): 2, ('find', 'betfair'): 2, ('place', 'bet'): 2, ('slow', 'getting'): 2}","{('good', 'app', 'good'): 6, ('app', 'easy', 'use'): 3, ('performance', 'improvements', 'introduced'): 2, ('easy', 'use', 'pretty'): 2, ('good', 'easy', 'navigate'): 2, ('app', 'great', 'good'): 2, ('great', 'app', 'good'): 2, ('app', 'easy', 'navigate'): 2, ('use', 'good', 'promotions'): 2, ('easy', 'use', 'good'): 2, ('app', 'good', 'app'): 2, ('use', 'pretty', 'good'): 2, ('great', 'great', 'app'): 2, ('great', 'app', 'easy'): 2, ('otherwise', 'good', 'slow'): 1, ('easiest', 'gambling', 'app'): 1, ('easy', 'navigate', 'ca'): 1, ('navigate', 'ca', 'deposit'): 1, ('odds', 'easiest', 'gambling'): 1, ('ca', 'deposit', 'via'): 1, ('deposit', 'via', 'app'): 1, ('via', 'app', 'otherwise'): 1, ('app', 'otherwise', 'good'): 1, ('good', 'slow', 'hardly'): 1, ('streaming', 'good', 'easy'): 1, ('slow', 'hardly', 'use'): 1, ('hardly', 'use', 'app'): 1, ('use', 'app', 'anymore'): 1, ('app', 'anymore', 'im'): 1, ('anymore', 'im', 'enjoying'): 1}"
0,betfair,2019,5,"{'app': 162, 'good': 150, 'easy': 124, 'great': 124, 'use': 112, 'best': 61, 'betting': 54, 'excellent': 42, 'odds': 34, 'site': 24, 'brilliant': 24, 'bet': 20, 'love': 19, 'far': 17, 'fun': 17, 'navigate': 17, 'fantastic': 16, 'betfair': 14, 'bets': 13, 'well': 12, 'top': 11, 'fair': 11, 'always': 11, 'service': 11, 'like': 11, 'better': 11, 'quick': 11, 'prices': 10, 'nice': 9, 'customer': 9}","{('easy', 'use'): 93, ('great', 'app'): 47, ('betting', 'app'): 28, ('app', 'great'): 26, ('app', 'easy'): 23, ('use', 'good'): 21, ('good', 'app'): 19, ('app', 'good'): 18, ('best', 'betting'): 18, ('good', 'great'): 17, ('use', 'easy'): 14, ('good', 'good'): 14, ('app', 'best'): 14, ('good', 'odds'): 13, ('easy', 'navigate'): 13, ('great', 'good'): 11, ('use', 'app'): 11, ('best', 'odds'): 9, ('good', 'betting'): 9, ('great', 'great'): 8, ('brilliant', 'app'): 8, ('app', 'excellent'): 8, ('use', 'great'): 7, ('good', 'excellent'): 7, ('use', 'best'): 7, ('great', 'odds'): 6, ('betting', 'site'): 6, ('excellent', 'good'): 6, ('excellent', 'app'): 6, ('great', 'fun'): 6}","{('app', 'easy', 'use'): 21, ('easy', 'use', 'good'): 17, ('best', 'betting', 'app'): 15, ('great', 'app', 'great'): 12, ('use', 'easy', 'use'): 11, ('easy', 'use', 'easy'): 11, ('app', 'great', 'app'): 11, ('easy', 'use', 'app'): 9, ('great', 'app', 'easy'): 9, ('easy', 'use', 'best'): 7, ('easy', 'use', 'great'): 7, ('great', 'app', 'good'): 6, ('use', 'good', 'odds'): 6, ('good', 'betting', 'app'): 5, ('app', 'excellent', 'app'): 5, ('excellent', 'easy', 'use'): 4, ('good', 'good', 'great'): 4, ('good', 'app', 'easy'): 4, ('good', 'great', 'app'): 4, ('great', 'great', 'great'): 4, ('great', 'betting', 'app'): 4, ('betting', 'app', 'easy'): 3, ('experience', 'great', 'app'): 3, ('betting', 'app', 'good'): 3, ('good', 'odds', 'great'): 3, ('good', 'app', 'best'): 3, ('app', 'best', 'betting'): 3, ('great', 'easy', 'use'): 3, ('good', 'great', 'good'): 3, ('great', 'good', 'great'): 3}"
0,betfair,2020,1,"{'app': 35, 'bet': 30, 'time': 17, 'betfair': 16, 'get': 16, 'money': 15, 'betting': 12, 'bets': 11, 'slow': 9, 'ca': 9, 'account': 8, 'site': 8, 'go': 8, 'deposit': 7, 'worst': 7, 'use': 7, 'customer': 7, 'back': 7, 'win': 6, 'let': 6, 'used': 6, 'lose': 6, 'good': 6, 'poor': 6, 'give': 6, 'waste': 6, 'spins': 5, 'rubbish': 5, 'access': 5, 'update': 5}","{('betting', 'app'): 4, ('customer', 'service'): 4, ('wo', 'let'): 3, ('half', 'time'): 3, ('stay', 'away'): 3, ('put', 'bets'): 3, ('worst', 'app'): 3, ('waste', 'time'): 3, ('money', 'account'): 3, ('get', 'star'): 2, ('go', 'games'): 2, ('chance', 'winning'): 2, ('since', 'update'): 2, ('absolute', 'rubbish'): 2, ('ca', 'deposit'): 2, ('bet', 'confirm'): 2, ('work', 'app'): 2, ('lose', 'lose'): 2, ('less', 'less'): 2, ('placed', 'bet'): 2, ('worst', 'betting'): 2, ('used', 'get'): 2, ('app', 'ever'): 2, ('nothing', 'fair'): 2, ('company', 'customer'): 2, ('cant', 'get'): 2, ('winning', 'bet'): 2, ('paddy', 'power'): 2, ('lost', 'double'): 2, ('terrible', 'app'): 2}","{('company', 'customer', 'service'): 2, ('ca', 'deposit', 'money'): 2, ('worst', 'app', 'ever'): 2, ('app', 'worked', 'properly'): 1, ('get', 'star', 'rating'): 1, ('response', 'play', 'awful'): 1, ('enough', 'response', 'play'): 1, ('strong', 'enough', 'response'): 1, ('rating', 'strong', 'enough'): 1, ('star', 'rating', 'strong'): 1, ('would', 'get', 'star'): 1, ('awful', 'slow', 'notifications'): 1, ('year', 'would', 'get'): 1, ('bets', 'year', 'would'): 1, ('pounds', 'bets', 'year'): 1, ('thousands', 'pounds', 'bets'): 1, ('spends', 'thousands', 'pounds'): 1, ('customer', 'spends', 'thousands'): 1, ('play', 'awful', 'slow'): 1, ('slow', 'notifications', 'majorly'): 1, ('clearly', 'loyal', 'customer'): 1, ('app', 'says', 'used'): 1, ('website', 'bet', 'unreliable'): 1, ('use', 'website', 'bet'): 1, ('yet', 'use', 'website'): 1, ('country', 'yet', 'use'): 1, ('used', 'country', 'yet'): 1, ('says', 'used', 'country'): 1, ('favour', 'app', 'says'): 1, ('notifications', 'majorly', 'delayed'): 1}"
0,betfair,2020,2,"{'bet': 12, 'slow': 9, 'bets': 7, 'used': 7, 'app': 7, 'really': 5, 'poor': 5, 'sometimes': 5, 'free': 4, 'options': 4, 'put': 4, 'betting': 4, 'get': 4, 'price': 3, 'live': 3, 'betfair': 3, 'cash': 3, 'times': 3, 'could': 3, 'goal': 3, 'good': 3, 'behind': 3, 'football': 3, 'time': 3, 'keep': 3, 'update': 3, 'never': 3, 'last': 2, 'website': 2, 'apps': 2}","{('free', 'bet'): 3, ('really', 'good'): 2, ('cash', 'options'): 2, ('behind', 'betting'): 2, ('slow', 'update'): 2, ('used', 'really'): 2, ('put', 'bet'): 2, ('good', 'app'): 2, ('exchange', 'bets'): 1, ('app', 'good'): 1, ('reinstall', 'app'): 1, ('try', 'reinstall'): 1, ('goin', 'try'): 1, ('account', 'goin'): 1, ('funds', 'account'): 1, ('logging', 'funds'): 1, ('slow', 'times'): 1, ('keeps', 'logging'): 1, ('freezing', 'keeps'): 1, ('slow', 'freezing'): 1, ('errors', 'slow'): 1, ('several', 'errors'): 1, ('apps', 'several'): 1, ('fixed', 'apps'): 1, ('good', 'slow'): 1, ('log', 'cash'): 1, ('times', 'purposely'): 1, ('bonus', 'ca'): 1, ('football', 'games'): 1, ('selection', 'football'): 1}","{('used', 'really', 'good'): 2, ('really', 'good', 'app'): 2, ('exchange', 'bets', 'sometimes'): 1, ('account', 'goin', 'try'): 1, ('times', 'purposely', 'allow'): 1, ('slow', 'times', 'purposely'): 1, ('good', 'slow', 'times'): 1, ('app', 'good', 'slow'): 1, ('reinstall', 'app', 'good'): 1, ('try', 'reinstall', 'app'): 1, ('goin', 'try', 'reinstall'): 1, ('funds', 'account', 'goin'): 1, ('allow', 'log', 'cash'): 1, ('logging', 'funds', 'account'): 1, ('keeps', 'logging', 'funds'): 1, ('freezing', 'keeps', 'logging'): 1, ('slow', 'freezing', 'keeps'): 1, ('errors', 'slow', 'freezing'): 1, ('several', 'errors', 'slow'): 1, ('apps', 'several', 'errors'): 1, ('fixed', 'apps', 'several'): 1, ('never', 'fixed', 'apps'): 1, ('purposely', 'allow', 'log'): 1, ('log', 'cash', 'critical'): 1, ('lacks', 'selection', 'bets'): 1, ('cash', 'critical', 'times'): 1, ('bad', 'lay', 'lacks'): 1, ('games', 'bad', 'lay'): 1, ('football', 'games', 'bad'): 1, ('selection', 'football', 'games'): 1}"
0,betfair,2020,3,"{'app': 12, 'good': 8, 'deposit': 5, 'would': 4, 'bet': 4, 'etc': 4, 'free': 4, 'always': 4, 'slow': 3, 'time': 3, 'bit': 3, 'site': 3, 'week': 3, 'promotions': 3, 'using': 3, 'getting': 3, 'bets': 3, 'every': 3, 'takes': 3, 'cash': 3, 'great': 2, 'go': 2, 'blank': 2, 'bad': 2, 'betfair': 2, 'days': 2, 'open': 2, 'well': 2, 'pretty': 2, 'work': 2}","{('app', 'takes'): 2, ('good', 'app'): 2, ('deposit', 'money'): 2, ('week', 'deposit'): 2, ('time', 'open'): 2, ('every', 'time'): 2, ('go', 'back'): 1, ('fast', 'responsive'): 1, ('app', 'fast'): 1, ('takes', 'app'): 1, ('back', 'takes'): 1, ('updating', 'press'): 1, ('press', 'go'): 1, ('keeps', 'beating'): 1, ('needs', 'updating'): 1, ('good', 'needs'): 1, ('etc', 'good'): 1, ('round', 'etc'): 1, ('leader', 'round'): 1, ('responsive', 'keeps'): 1, ('happy', 'slow'): 1, ('beating', 'happy'): 1, ('golf', 'available'): 1, ('slow', 'hard'): 1, ('hard', 'manoeuvre'): 1, ('manoeuvre', 'pretty'): 1, ('pretty', 'good'): 1, ('good', 'although'): 1, ('although', 'web'): 1, ('web', 'site'): 1}","{('site', 'easy', 'user'): 1, ('would', 'prefer', 'markets'): 1, ('fast', 'responsive', 'keeps'): 1, ('app', 'fast', 'responsive'): 1, ('takes', 'app', 'fast'): 1, ('back', 'takes', 'app'): 1, ('go', 'back', 'takes'): 1, ('press', 'go', 'back'): 1, ('updating', 'press', 'go'): 1, ('needs', 'updating', 'press'): 1, ('good', 'needs', 'updating'): 1, ('etc', 'good', 'needs'): 1, ('round', 'etc', 'good'): 1, ('leader', 'round', 'etc'): 1, ('available', 'leader', 'round'): 1, ('golf', 'available', 'leader'): 1, ('markets', 'golf', 'available'): 1, ('responsive', 'keeps', 'beating'): 1, ('keeps', 'beating', 'happy'): 1, ('beating', 'happy', 'slow'): 1, ('site', 'could', 'little'): 1, ('higher', 'marks', 'keep'): 1, ('get', 'higher', 'marks'): 1, ('would', 'get', 'higher'): 1, ('sharpning', 'would', 'get'): 1, ('little', 'sharpning', 'would'): 1, ('could', 'little', 'sharpning'): 1, ('web', 'site', 'could'): 1, ('happy', 'slow', 'hard'): 1, ('although', 'web', 'site'): 1}"
0,betfair,2020,4,"{'good': 32, 'app': 24, 'betting': 12, 'easy': 11, 'great': 10, 'use': 9, 'better': 5, 'experience': 5, 'slow': 5, 'fair': 4, 'site': 4, 'free': 4, 'play': 4, 'get': 4, 'bit': 4, 'bets': 4, 'bet': 4, 'could': 3, 'games': 3, 'enjoy': 3, 'every': 3, 'decent': 3, 'sometimes': 3, 'best': 3, 'sites': 2, 'still': 2, 'otherwise': 2, 'enough': 2, 'going': 2, 'ca': 2}","{('good', 'app'): 8, ('easy', 'use'): 7, ('good', 'good'): 6, ('good', 'experience'): 3, ('bit', 'slow'): 3, ('good', 'betting'): 3, ('great', 'app'): 3, ('site', 'good'): 2, ('experience', 'great'): 2, ('great', 'good'): 2, ('ca', 'get'): 2, ('every', 'day'): 2, ('betting', 'site'): 2, ('betting', 'app'): 2, ('user', 'friendly'): 2, ('app', 'easy'): 2, ('easy', 'navigate'): 2, ('times', 'good'): 2, ('get', 'free'): 2, ('contend', 'betfair'): 1, ('everything', 'enlarge'): 1, ('u', 'racing'): 1, ('enlarge', 'screen'): 1, ('racing', 'deposit'): 1, ('deposit', 'carry'): 1, ('screen', 'fast'): 1, ('know', 'everything'): 1, ('carry', 'betting'): 1, ('betting', 'otherwise'): 1, ('getting', 'know'): 1}","{('good', 'good', 'good'): 2, ('good', 'good', 'app'): 2, ('good', 'experience', 'great'): 2, ('user', 'friendly', 'app'): 1, ('day', 'bet', 'multiple'): 1, ('bet', 'every', 'day'): 1, ('free', 'bet', 'every'): 1, ('service', 'free', 'bet'): 1, ('betting', 'service', 'free'): 1, ('good', 'betting', 'service'): 1, ('use', 'good', 'betting'): 1, ('easy', 'use', 'good'): 1, ('relatively', 'easy', 'use'): 1, ('app', 'relatively', 'easy'): 1, ('betting', 'app', 'relatively'): 1, ('fair', 'betting', 'app'): 1, ('fast', 'fair', 'betting'): 1, ('screen', 'fast', 'fair'): 1, ('enlarge', 'screen', 'fast'): 1, ('everything', 'enlarge', 'screen'): 1, ('know', 'everything', 'enlarge'): 1, ('getting', 'know', 'everything'): 1, ('betfair', 'getting', 'know'): 1, ('contend', 'betfair', 'getting'): 1, ('happy', 'contend', 'betfair'): 1, ('otherwise', 'happy', 'contend'): 1, ('betting', 'otherwise', 'happy'): 1, ('every', 'day', 'bet'): 1, ('bet', 'multiple', 'double'): 1, ('deposit', 'carry', 'betting'): 1}"
0,betfair,2020,5,"{'app': 90, 'good': 70, 'easy': 68, 'great': 62, 'use': 56, 'best': 34, 'betting': 33, 'excellent': 19, 'brilliant': 18, 'odds': 16, 'bet': 13, 'site': 12, 'fun': 12, 'bets': 12, 'far': 12, 'like': 11, 'love': 11, 'quick': 10, 'service': 9, 'betfair': 9, 'navigate': 8, 'simple': 7, 'years': 6, 'find': 6, 'fair': 6, 'nice': 6, 'free': 5, 'bonuses': 5, 'win': 5, 'football': 5}","{('easy', 'use'): 48, ('great', 'app'): 25, ('betting', 'app'): 14, ('app', 'great'): 13, ('best', 'betting'): 12, ('use', 'easy'): 11, ('good', 'good'): 10, ('app', 'easy'): 10, ('app', 'good'): 9, ('good', 'odds'): 8, ('use', 'app'): 8, ('good', 'app'): 8, ('easy', 'navigate'): 7, ('great', 'fun'): 5, ('use', 'great'): 5, ('use', 'good'): 4, ('betting', 'site'): 4, ('excellent', 'service'): 4, ('one', 'best'): 4, ('good', 'service'): 3, ('great', 'excellent'): 3, ('app', 'best'): 3, ('good', 'bonuses'): 3, ('quick', 'easy'): 3, ('odds', 'great'): 3, ('use', 'quick'): 3, ('great', 'betting'): 3, ('good', 'awesome'): 3, ('good', 'brilliant'): 3, ('app', 'far'): 3}","{('easy', 'use', 'easy'): 11, ('use', 'easy', 'use'): 8, ('best', 'betting', 'app'): 8, ('app', 'easy', 'use'): 8, ('easy', 'use', 'app'): 7, ('app', 'great', 'app'): 6, ('great', 'app', 'easy'): 5, ('easy', 'use', 'great'): 5, ('great', 'app', 'great'): 4, ('good', 'app', 'great'): 4, ('easy', 'use', 'good'): 4, ('great', 'app', 'good'): 4, ('odds', 'great', 'app'): 3, ('good', 'good', 'good'): 3, ('betting', 'app', 'market'): 2, ('betting', 'app', 'far'): 2, ('far', 'best', 'betting'): 2, ('app', 'good', 'good'): 2, ('service', 'good', 'good'): 2, ('excellent', 'service', 'good'): 2, ('good', 'good', 'odds'): 2, ('great', 'great', 'app'): 2, ('far', 'easy', 'use'): 2, ('odds', 'easy', 'use'): 2, ('good', 'odds', 'great'): 2, ('easy', 'use', 'quick'): 2, ('simple', 'easy', 'use'): 2, ('site', 'easy', 'use'): 2, ('site', 'top', 'class'): 2, ('quick', 'easy', 'use'): 2}"
0,betfair,2021,1,"{'app': 53, 'bet': 24, 'account': 22, 'money': 22, 'even': 19, 'betfair': 18, 'never': 16, 'time': 16, 'customer': 15, 'service': 14, 'get': 14, 'use': 14, 'bets': 13, 'suspended': 12, 'always': 12, 'log': 11, 'betting': 11, 'times': 11, 'let': 11, 'ca': 11, 'free': 10, 'good': 10, 'cash': 10, 'deposit': 9, 'nothing': 9, 'download': 9, 'one': 9, 'site': 8, 'poor': 7, 'slots': 7}","{('customer', 'service'): 11, ('free', 'spins'): 4, ('betting', 'app'): 4, ('william', 'hill'): 4, ('ca', 'even'): 4, ('uninstall', 'reinstall'): 3, ('let', 'log'): 3, ('wo', 'let'): 3, ('deposit', 'money'): 3, ('live', 'chat'): 3, ('non', 'runners'): 3, ('free', 'bets'): 3, ('stay', 'away'): 3, ('bank', 'statements'): 3, ('betfair', 'app'): 3, ('email', 'address'): 3, ('waste', 'time'): 3, ('app', 'never'): 3, ('suspended', 'times'): 3, ('account', 'suspended'): 3, ('download', 'app'): 3, ('exchange', 'platform'): 2, ('win', 'slots'): 2, ('never', 'win'): 2, ('shite', 'app'): 2, ('even', 'though'): 2, ('got', 'nothing'): 2, ('every', 'time'): 2, ('unable', 'download'): 2, ('apps', 'ok'): 2}","{('race', 'non', 'runners'): 2, ('thay', 'advertised', 'tv'): 2, ('get', 'error', 'message'): 2, ('always', 'get', 'error'): 2, ('uninstall', 'reinstall', 'every'): 2, ('never', 'win', 'slots'): 2, ('worst', 'betting', 'app'): 2, ('horse', 'race', 'non'): 2, ('money', 'mental', 'health'): 1, ('keep', 'money', 'mental'): 1, ('bonus', 'stay', 'well'): 1, ('u', 'want', 'keep'): 1, ('mental', 'health', 'places'): 1, ('away', 'u', 'want'): 1, ('health', 'places', 'ruin'): 1, ('well', 'away', 'u'): 1, ('stay', 'well', 'away'): 1, ('want', 'keep', 'money'): 1, ('put', 'slots', 'got'): 1, ('got', 'bonus', 'stay'): 1, ('slots', 'got', 'bonus'): 1, ('ruin', 'peoples', 'lives'): 1, ('outs', 'put', 'slots'): 1, ('pay', 'outs', 'put'): 1, ('shocking', 'pay', 'outs'): 1, ('absolutely', 'shocking', 'pay'): 1, ('luck', 'absolutely', 'shocking'): 1, ('tough', 'luck', 'absolutely'): 1, ('much', 'tough', 'luck'): 1, ('pretty', 'much', 'tough'): 1}"
0,betfair,2021,2,"{'app': 15, 'bets': 6, 'log': 4, 'contact': 4, 'back': 4, 'play': 4, 'games': 4, 'issue': 4, 'never': 3, 'much': 3, 'experience': 3, 'get': 3, 'bet': 3, 'problem': 3, 'even': 3, 'keeps': 3, 'bonus': 3, 'go': 3, 'withdraw': 2, 'trying': 2, 'always': 2, 'exchange': 2, 'money': 2, 'uk': 2, 'however': 2, 'casinos': 2, 'take': 2, 'another': 2, 'sign': 2, 'betting': 2}","{('games', 'play'): 2, ('good', 'app'): 1, ('take', 'one'): 1, ('casinos', 'far'): 1, ('info', 'casinos'): 1, ('alot', 'info'): 1, ('played', 'alot'): 1, ('bad', 'played'): 1, ('shocking', 'bad'): 1, ('take', 'shocking'): 1, ('one', 'take'): 1, ('obviously', 'take'): 1, ('worst', 'bad'): 1, ('give', 'obviously'): 1, ('bit', 'give'): 1, ('casinos', 'bit'): 1, ('usually', 'casinos'): 1, ('shocking', 'usually'): 1, ('casino', 'shocking'): 1, ('cash', 'casino'): 1, ('play', 'cash'): 1, ('far', 'worst'): 1, ('bad', 'since'): 1, ('slip', 'links'): 1, ('notice', 'buttom'): 1, ('majority', 'bets'): 1, ('transfer', 'majority'): 1, ('unable', 'transfer'): 1, ('connection', 'unable'): 1, ('internet', 'connection'): 1}","{('good', 'app', 'pixel'): 1, ('take', 'one', 'take'): 1, ('casinos', 'far', 'worst'): 1, ('info', 'casinos', 'far'): 1, ('alot', 'info', 'casinos'): 1, ('played', 'alot', 'info'): 1, ('bad', 'played', 'alot'): 1, ('shocking', 'bad', 'played'): 1, ('take', 'shocking', 'bad'): 1, ('one', 'take', 'shocking'): 1, ('obviously', 'take', 'one'): 1, ('worst', 'bad', 'since'): 1, ('give', 'obviously', 'take'): 1, ('bit', 'give', 'obviously'): 1, ('casinos', 'bit', 'give'): 1, ('usually', 'casinos', 'bit'): 1, ('shocking', 'usually', 'casinos'): 1, ('casino', 'shocking', 'usually'): 1, ('cash', 'casino', 'shocking'): 1, ('play', 'cash', 'casino'): 1, ('far', 'worst', 'bad'): 1, ('bad', 'since', 'update'): 1, ('ruins', 'experience', 'play'): 1, ('notice', 'buttom', 'screen'): 1, ('majority', 'bets', 'slip'): 1, ('transfer', 'majority', 'bets'): 1, ('unable', 'transfer', 'majority'): 1, ('connection', 'unable', 'transfer'): 1, ('internet', 'connection', 'unable'): 1, ('say', 'internet', 'connection'): 1}"
0,betfair,2021,3,"{'app': 16, 'good': 7, 'bet': 7, 'ca': 4, 'ok': 4, 'best': 3, 'many': 3, 'cash': 3, 'free': 3, 'search': 3, 'slow': 3, 'get': 3, 'need': 3, 'request': 3, 'lucky': 2, 'come': 2, 'decent': 2, 'work': 2, 'casino': 2, 'hard': 2, 'betfair': 2, 'use': 2, 'live': 2, 'load': 2, 'customer': 2, 'great': 2, 'let': 2, 'giving': 2, 'page': 2, 'log': 2}","{('search', 'bar'): 2, ('good', 'app'): 2, ('curse', 'otherwise'): 1, ('option', 'average'): 1, ('seatch', 'option'): 1, ('clunky', 'seatch'): 1, ('app', 'clunky'): 1, ('fine', 'app'): 1, ('otherwise', 'fine'): 1, ('security', 'curse'): 1, ('best', 'bet'): 1, ('lot', 'security'): 1, ('games', 'lot'): 1, ('crashes', 'games'): 1, ('lucky', 'crashes'): 1, ('winner', 'lucky'): 1, ('odds', 'winner'): 1, ('average', 'best'): 1, ('rate', 'betfair'): 1, ('expected', 'double'): 1, ('months', 'get'): 1, ('asked', 'costumers'): 1, ('like', 'asked'): 1, ('bet', 'like'): 1, ('free', 'bet'): 1, ('one', 'free'): 1, ('get', 'one'): 1, ('last', 'months'): 1, ('bet', 'builders'): 1, ('bets', 'last'): 1}","{('rate', 'betfair', 'betting'): 1, ('lot', 'security', 'curse'): 1, ('clunky', 'seatch', 'option'): 1, ('app', 'clunky', 'seatch'): 1, ('fine', 'app', 'clunky'): 1, ('otherwise', 'fine', 'app'): 1, ('curse', 'otherwise', 'fine'): 1, ('security', 'curse', 'otherwise'): 1, ('games', 'lot', 'security'): 1, ('option', 'average', 'best'): 1, ('crashes', 'games', 'lot'): 1, ('lucky', 'crashes', 'games'): 1, ('winner', 'lucky', 'crashes'): 1, ('odds', 'winner', 'lucky'): 1, ('double', 'odds', 'winner'): 1, ('expected', 'double', 'odds'): 1, ('seatch', 'option', 'average'): 1, ('average', 'best', 'bet'): 1, ('ages', 'come', 'threw'): 1, ('last', 'months', 'get'): 1, ('like', 'asked', 'costumers'): 1, ('bet', 'like', 'asked'): 1, ('free', 'bet', 'like'): 1, ('one', 'free', 'bet'): 1, ('get', 'one', 'free'): 1, ('months', 'get', 'one'): 1, ('bets', 'last', 'months'): 1, ('best', 'bet', 'builders'): 1, ('made', 'bets', 'last'): 1, ('app', 'made', 'bets'): 1}"
0,betfair,2021,4,"{'good': 25, 'app': 23, 'easy': 12, 'use': 11, 'better': 7, 'great': 6, 'bets': 6, 'odds': 6, 'deposit': 5, 'like': 5, 'free': 5, 'bet': 5, 'much': 4, 'works': 4, 'quick': 4, 'website': 4, 'far': 4, 'betting': 3, 'well': 3, 'best': 3, 'would': 3, 'options': 3, 'money': 3, 'pretty': 3, 'football': 3, 'site': 3, 'apps': 3, 'sports': 3, 'friendly': 3, 'user': 3}","{('easy', 'use'): 9, ('good', 'app'): 6, ('app', 'easy'): 4, ('app', 'good'): 3, ('user', 'friendly'): 3, ('app', 'works'): 2, ('informative', 'great'): 2, ('works', 'well'): 2, ('better', 'odds'): 2, ('really', 'good'): 2, ('good', 'offers'): 2, ('straight', 'forward'): 2, ('deposit', 'money'): 2, ('good', 'far'): 2, ('ok', 'app'): 2, ('bet', 'good'): 2, ('whilst', 'play'): 2, ('use', 'quick'): 2, ('free', 'bet'): 2, ('good', 'good'): 2, ('game', 'multis'): 1, ('impressive', 'v'): 1, ('coffup', 'ya'): 1, ('reasonable', 'coffup'): 1, ('hard', 'find'): 1, ('promos', 'reasonable'): 1, ('find', 'future'): 1, ('actually', 'promos'): 1, ('future', 'prices'): 1, ('bad', 'actually'): 1}","{('good', 'app', 'easy'): 2, ('good', 'app', 'good'): 2, ('app', 'easy', 'use'): 2, ('ya', 'dosh', 'quicket'): 1, ('fast', 'cash', 'withdrawals'): 1, ('better', 'fast', 'cash'): 1, ('looks', 'better', 'fast'): 1, ('else', 'looks', 'better'): 1, ('gliches', 'else', 'looks'): 1, ('app', 'gliches', 'else'): 1, ('fix', 'app', 'gliches'): 1, ('sites', 'fix', 'app'): 1, ('quicket', 'sites', 'fix'): 1, ('dosh', 'quicket', 'sites'): 1, ('good', 'app', 'need'): 1, ('free', 'bet', 'bonuses'): 1, ('coffup', 'ya', 'dosh'): 1, ('reasonable', 'coffup', 'ya'): 1, ('promos', 'reasonable', 'coffup'): 1, ('actually', 'promos', 'reasonable'): 1, ('bad', 'actually', 'promos'): 1, ('rewards', 'bad', 'actually'): 1, ('offers', 'rewards', 'bad'): 1, ('good', 'offers', 'rewards'): 1, ('app', 'good', 'offers'): 1, ('overal', 'good', 'app'): 1, ('cash', 'withdrawals', 'easy'): 1, ('withdrawals', 'easy', 'use'): 1, ('easy', 'use', 'informative'): 1, ('use', 'informative', 'great'): 1}"
0,betfair,2021,5,"{'app': 82, 'great': 74, 'easy': 71, 'good': 63, 'use': 56, 'betting': 34, 'best': 33, 'excellent': 21, 'odds': 20, 'site': 19, 'bet': 15, 'far': 15, 'bets': 13, 'like': 11, 'navigate': 11, 'brilliant': 10, 'offers': 9, 'well': 9, 'service': 9, 'really': 8, 'one': 8, 'apps': 8, 'quick': 8, 'better': 7, 'betfair': 7, 'fast': 7, 'options': 6, 'place': 6, 'free': 6, 'website': 6}","{('easy', 'use'): 45, ('great', 'app'): 22, ('betting', 'app'): 15, ('best', 'betting'): 12, ('use', 'easy'): 10, ('easy', 'navigate'): 9, ('app', 'easy'): 9, ('app', 'great'): 8, ('app', 'good'): 8, ('use', 'great'): 7, ('good', 'app'): 7, ('good', 'odds'): 6, ('great', 'odds'): 5, ('far', 'good'): 5, ('good', 'site'): 5, ('betting', 'apps'): 4, ('good', 'great'): 4, ('excellent', 'app'): 4, ('great', 'site'): 4, ('site', 'good'): 4, ('great', 'great'): 4, ('good', 'far'): 4, ('use', 'best'): 4, ('odds', 'easy'): 4, ('great', 'best'): 4, ('nice', 'app'): 3, ('site', 'easy'): 3, ('use', 'good'): 3, ('excellent', 'good'): 3, ('betting', 'sites'): 3}","{('easy', 'use', 'easy'): 8, ('use', 'easy', 'use'): 8, ('best', 'betting', 'app'): 7, ('easy', 'use', 'great'): 7, ('app', 'easy', 'use'): 5, ('odds', 'easy', 'use'): 4, ('great', 'app', 'easy'): 4, ('easy', 'use', 'best'): 3, ('really', 'easy', 'use'): 3, ('great', 'app', 'good'): 3, ('easy', 'use', 'good'): 3, ('app', 'easy', 'navigate'): 3, ('favourite', 'betting', 'app'): 3, ('easy', 'use', 'app'): 3, ('great', 'odds', 'easy'): 2, ('betting', 'app', 'love'): 2, ('easy', 'navigate', 'easy'): 2, ('great', 'great', 'excellent'): 2, ('use', 'good', 'site'): 2, ('site', 'easy', 'use'): 2, ('navigate', 'easy', 'use'): 2, ('use', 'great', 'app'): 2, ('good', 'app', 'good'): 2, ('great', 'site', 'good'): 2, ('good', 'great', 'app'): 2, ('great', 'app', 'great'): 2, ('good', 'site', 'easy'): 2, ('app', 'great', 'app'): 2, ('quick', 'great', 'app'): 2, ('management', 'bankroll', 'management'): 2}"
0,betfair,2022,1,"{'app': 43, 'account': 30, 'never': 17, 'betfair': 17, 'win': 16, 'money': 15, 'betting': 15, 'use': 14, 'phone': 13, 'get': 12, 'time': 11, 'games': 11, 'like': 11, 'deposit': 10, 'bets': 10, 'bet': 10, 'give': 9, 'log': 9, 'closed': 9, 'rubbish': 9, 'got': 9, 'still': 9, 'cash': 8, 'play': 8, 'customer': 8, 'ca': 8, 'tried': 8, 'casino': 8, 'try': 7, 'page': 7}","{('customer', 'service'): 4, ('account', 'closed'): 4, ('try', 'log'): 3, ('free', 'spins'): 3, ('cash', 'option'): 3, ('paddy', 'power'): 3, ('phone', 'restart'): 3, ('security', 'team'): 3, ('deposit', 'money'): 3, ('closed', 'account'): 3, ('app', 'joke'): 2, ('like', 'paddy'): 2, ('web', 'browser'): 2, ('waste', 'time'): 2, ('google', 'pixel'): 2, ('phone', 'crash'): 2, ('william', 'hill'): 2, ('screen', 'appears'): 2, ('latest', 'version'): 2, ('anything', 'like'): 2, ('betting', 'app'): 2, ('asked', 'id'): 2, ('virtual', 'games'): 2, ('account', 'got'): 2, ('placed', 'bet'): 2, ('slow', 'pay'): 2, ('beta', 'site'): 2, ('joke', 'app'): 2, ('wo', 'load'): 2, ('sort', 'app'): 2}","{('ca', 'deposit', 'money'): 2, ('like', 'paddy', 'power'): 2, ('new', 'beta', 'site'): 2, ('terrible', 'keeps', 'crashing'): 1, ('answers', 'helping', 'minutes'): 1, ('writing', 'got', 'faster'): 1, ('response', 'writing', 'got'): 1, ('eventually', 'response', 'writing'): 1, ('update', 'eventually', 'response'): 1, ('back', 'update', 'eventually'): 1, ('came', 'back', 'update'): 1, ('never', 'came', 'back'): 1, ('minutes', 'never', 'came'): 1, ('helping', 'minutes', 'never'): 1, ('stock', 'answers', 'helping'): 1, ('faster', 'response', 'official'): 1, ('gave', 'stock', 'answers'): 1, ('people', 'gave', 'stock'): 1, ('real', 'people', 'gave'): 1, ('possibly', 'real', 'people'): 1, ('robot', 'possibly', 'real'): 1, ('talking', 'robot', 'possibly'): 1, ('yesterday', 'talking', 'robot'): 1, ('minutes', 'yesterday', 'talking'): 1, ('account', 'minutes', 'yesterday'): 1, ('old', 'account', 'minutes'): 1, ('got', 'faster', 'response'): 1, ('response', 'official', 'webchat'): 1, ('new', 'account', 'old'): 1, ('promotions', 'piss', 'poor'): 1}"
0,betfair,2022,2,"{'app': 9, 'login': 4, 'really': 3, 'access': 3, 'every': 3, 'win': 3, 'screen': 3, 'back': 3, 'slow': 2, 'sports': 2, 'use': 2, 'used': 2, 'chance': 2, 'casino': 2, 'time': 2, 'asks': 2, 'ca': 2, 'one': 2, 'open': 2, 'times': 2, 'nothing': 2, 'hundreds': 2, 'pain': 2, 'go': 2, 'year': 2, 'nowhere': 1, 'actually': 1, 'dropping': 1, 'x': 1, 'section': 1}","{('chance', 'win'): 2, ('app', 'pain'): 2, ('pain', 'access'): 2, ('asks', 'login'): 2, ('actually', 'really'): 1, ('hundred', 'ball'): 1, ('win', 'everyday'): 1, ('everyday', 'massive'): 1, ('massive', 'joke'): 1, ('joke', 'max'): 1, ('max', 'u'): 1, ('u', 'chance'): 1, ('win', 'hundred'): 1, ('ball', 'stuck'): 1, ('game', 'giving'): 1, ('stuck', 'everytime'): 1, ('everytime', 'nowhere'): 1, ('nowhere', 'dropping'): 1, ('dropping', 'x'): 1, ('x', 'nothing'): 1, ('nothing', 'win'): 1, ('win', 'section'): 1, ('section', 'complicated'): 1, ('giving', 'chance'): 1, ('nothing', 'free'): 1, ('free', 'game'): 1, ('compared', 'betting'): 1, ('worth', 'open'): 1, ('open', 'app'): 1, ('app', 'self'): 1}","{('app', 'pain', 'access'): 2, ('actually', 'really', 'like'): 1, ('chance', 'win', 'hundred'): 1, ('giving', 'chance', 'win'): 1, ('chance', 'win', 'everyday'): 1, ('win', 'everyday', 'massive'): 1, ('everyday', 'massive', 'joke'): 1, ('massive', 'joke', 'max'): 1, ('joke', 'max', 'u'): 1, ('max', 'u', 'chance'): 1, ('u', 'chance', 'win'): 1, ('win', 'hundred', 'ball'): 1, ('free', 'game', 'giving'): 1, ('hundred', 'ball', 'stuck'): 1, ('ball', 'stuck', 'everytime'): 1, ('stuck', 'everytime', 'nowhere'): 1, ('everytime', 'nowhere', 'dropping'): 1, ('nowhere', 'dropping', 'x'): 1, ('dropping', 'x', 'nothing'): 1, ('x', 'nothing', 'win'): 1, ('nothing', 'win', 'section'): 1, ('game', 'giving', 'chance'): 1, ('nothing', 'free', 'game'): 1, ('section', 'complicated', 'compared'): 1, ('week', 'ok', 'later'): 1, ('tell', 'definitely', 'worth'): 1, ('definitely', 'worth', 'open'): 1, ('worth', 'open', 'app'): 1, ('open', 'app', 'self'): 1, ('app', 'self', 'working'): 1}"
0,betfair,2022,3,"{'app': 9, 'good': 7, 'bet': 7, 'bets': 5, 'pinball': 4, 'like': 4, 'play': 4, 'free': 4, 'use': 4, 'find': 3, 'button': 3, 'able': 3, 'log': 3, 'search': 3, 'stars': 3, 'easy': 3, 'never': 2, 'betfair': 2, 'appear': 2, 'casino': 2, 'logging': 2, 'always': 2, 'less': 2, 'trying': 2, 'often': 2, 'best': 2, 'take': 2, 'every': 2, 'one': 2, 'bonus': 2}","{('fingerprint', 'log'): 2, ('like', 'betfair'): 2, ('search', 'button'): 2, ('easy', 'use'): 2, ('pinball', 'easy'): 1, ('money', 'lose'): 1, ('bonus', 'money'): 1, ('bet', 'bonus'): 1, ('free', 'bet'): 1, ('find', 'free'): 1, ('hard', 'find'): 1, ('use', 'hard'): 1, ('tasks', 'pinball'): 1, ('stars', 'good'): 1, ('version', 'tasks'): 1, ('web', 'version'): 1, ('go', 'web'): 1, ('app', 'go'): 1, ('around', 'app'): 1, ('moving', 'around'): 1, ('log', 'moving'): 1, ('lose', 'stars'): 1, ('good', 'site'): 1, ('seems', 'often'): 1, ('stopped', 'working'): 1, ('means', 'inplay'): 1, ('lagging', 'means'): 1, ('times', 'lagging'): 1, ('unstable', 'times'): 1, ('good', 'unstable'): 1}","{('outdated', 'compared', 'competitors'): 1, ('money', 'lose', 'stars'): 1, ('bet', 'bonus', 'money'): 1, ('free', 'bet', 'bonus'): 1, ('find', 'free', 'bet'): 1, ('hard', 'find', 'free'): 1, ('use', 'hard', 'find'): 1, ('easy', 'use', 'hard'): 1, ('pinball', 'easy', 'use'): 1, ('tasks', 'pinball', 'easy'): 1, ('version', 'tasks', 'pinball'): 1, ('web', 'version', 'tasks'): 1, ('go', 'web', 'version'): 1, ('app', 'go', 'web'): 1, ('around', 'app', 'go'): 1, ('moving', 'around', 'app'): 1, ('log', 'moving', 'around'): 1, ('often', 'log', 'moving'): 1, ('seems', 'often', 'log'): 1, ('bonus', 'money', 'lose'): 1, ('lose', 'stars', 'good'): 1, ('lags', 'zzzzzzzz', 'seems'): 1, ('stars', 'good', 'site'): 1, ('times', 'lagging', 'means'): 1, ('unstable', 'times', 'lagging'): 1, ('good', 'unstable', 'times'): 1, ('otherwise', 'good', 'unstable'): 1, ('working', 'otherwise', 'good'): 1, ('stopped', 'working', 'otherwise'): 1, ('withdrawals', 'stopped', 'working'): 1}"
0,betfair,2022,4,"{'good': 14, 'easy': 12, 'use': 11, 'app': 9, 'like': 8, 'betting': 6, 'free': 5, 'bet': 5, 'better': 5, 'get': 4, 'navigate': 4, 'would': 4, 'best': 4, 'odds': 3, 'ok': 3, 'could': 3, 'bets': 3, 'game': 3, 'bad': 3, 'give': 3, 'prices': 3, 'options': 3, 'takes': 3, 'go': 3, 'bonus': 2, 'easier': 2, 'know': 2, 'great': 2, 'getting': 2, 'cash': 2}","{('easy', 'use'): 6, ('app', 'easy'): 3, ('good', 'good'): 3, ('good', 'app'): 2, ('would', 'nice'): 2, ('free', 'bets'): 2, ('easier', 'navigate'): 2, ('great', 'app'): 2, ('easiest', 'navigate'): 1, ('site', 'easiest'): 1, ('easy', 'fun'): 1, ('betting', 'app'): 1, ('experience', 'betting'): 1, ('good', 'experience'): 1, ('bets', 'good'): 1, ('use', 'free'): 1, ('better', 'easy'): 1, ('score', 'alerts'): 1, ('many', 'better'): 1, ('site', 'many'): 1, ('betting', 'site'): 1, ('fun', 'making'): 1, ('alerts', 'site'): 1, ('straight', 'forward'): 1, ('navigate', 'straight'): 1, ('forward', 'betting'): 1, ('builders', 'small'): 1, ('making', 'bet'): 1, ('bet', 'builders'): 1, ('skybet', 'ok'): 1}","{('app', 'easy', 'use'): 2, ('good', 'app', 'easy'): 1, ('use', 'free', 'bets'): 1, ('making', 'bet', 'builders'): 1, ('fun', 'making', 'bet'): 1, ('easy', 'fun', 'making'): 1, ('app', 'easy', 'fun'): 1, ('betting', 'app', 'easy'): 1, ('experience', 'betting', 'app'): 1, ('good', 'experience', 'betting'): 1, ('bets', 'good', 'experience'): 1, ('free', 'bets', 'good'): 1, ('easy', 'use', 'free'): 1, ('better', 'easy', 'use'): 1, ('many', 'better', 'easy'): 1, ('site', 'many', 'better'): 1, ('betting', 'site', 'many'): 1, ('forward', 'betting', 'site'): 1, ('straight', 'forward', 'betting'): 1, ('navigate', 'straight', 'forward'): 1, ('easiest', 'navigate', 'straight'): 1, ('site', 'easiest', 'navigate'): 1, ('bet', 'builders', 'small'): 1, ('builders', 'small', 'bet'): 1, ('small', 'bet', 'could'): 1, ('bet', 'could', 'laid'): 1, ('problem', 'logging', 'sorted'): 1, ('moment', 'problem', 'logging'): 1, ('ok', 'moment', 'problem'): 1, ('skybet', 'ok', 'moment'): 1}"
0,betfair,2022,5,"{'good': 74, 'app': 73, 'great': 69, 'easy': 66, 'use': 43, 'betting': 27, 'best': 23, 'excellent': 18, 'odds': 18, 'site': 15, 'navigate': 13, 'bet': 13, 'quick': 13, 'betfair': 11, 'brilliant': 10, 'offers': 9, 'free': 9, 'always': 7, 'get': 7, 'like': 7, 'apps': 7, 'service': 7, 'would': 6, 'experience': 6, 'fair': 6, 'love': 6, 'better': 6, 'far': 6, 'bets': 6, 'one': 6}","{('easy', 'use'): 31, ('great', 'app'): 21, ('app', 'good'): 15, ('good', 'app'): 15, ('betting', 'app'): 11, ('app', 'great'): 10, ('app', 'easy'): 10, ('good', 'odds'): 9, ('easy', 'navigate'): 9, ('use', 'great'): 7, ('good', 'good'): 6, ('use', 'good'): 6, ('app', 'far'): 5, ('free', 'bets'): 4, ('offers', 'easy'): 4, ('great', 'offers'): 4, ('best', 'betting'): 4, ('app', 'use'): 4, ('excellent', 'easy'): 3, ('great', 'amazing'): 3, ('good', 'great'): 3, ('odds', 'easy'): 3, ('offers', 'good'): 3, ('user', 'friendly'): 3, ('easy', 'follow'): 3, ('great', 'excellent'): 3, ('betting', 'apps'): 3, ('easy', 'app'): 3, ('good', 'betting'): 3, ('betting', 'site'): 3}","{('great', 'app', 'good'): 7, ('app', 'easy', 'use'): 6, ('great', 'app', 'great'): 6, ('easy', 'use', 'great'): 5, ('easy', 'use', 'good'): 4, ('app', 'great', 'app'): 3, ('great', 'app', 'easy'): 3, ('good', 'app', 'good'): 3, ('app', 'great', 'offers'): 3, ('betting', 'app', 'far'): 3, ('best', 'betting', 'app'): 3, ('use', 'great', 'app'): 3, ('use', 'good', 'odds'): 3, ('odds', 'easy', 'use'): 3, ('app', 'good', 'odds'): 3, ('easy', 'use', 'easy'): 2, ('great', 'amazing', 'great'): 2, ('easy', 'navigate', 'great'): 2, ('good', 'odds', 'easy'): 2, ('great', 'offers', 'good'): 2, ('good', 'odds', 'great'): 2, ('betting', 'app', 'good'): 2, ('easy', 'use', 'quick'): 2, ('use', 'user', 'friendly'): 2, ('great', 'easy', 'use'): 2, ('easy', 'use', 'navigate'): 2, ('good', 'betting', 'app'): 2, ('great', 'offers', 'easy'): 2, ('good', 'app', 'great'): 2, ('easy', 'use', 'best'): 2}"
0,betfair,2023,1,"{'app': 20, 'new': 16, 'back': 10, 'update': 10, 'go': 9, 'old': 8, 'ca': 7, 'betting': 6, 'version': 6, 'cash': 6, 'bet': 5, 'money': 5, 'awful': 5, 'oh': 5, 'rubbish': 5, 'like': 5, 'since': 5, 'much': 4, 'please': 4, 'constantly': 4, 'log': 4, 'format': 4, 'way': 4, 'poor': 4, 'terrible': 4, 'password': 3, 'compared': 3, 'thieving': 3, 'using': 3, 'bets': 3}","{('new', 'update'): 6, ('go', 'back'): 5, ('new', 'app'): 4, ('thieving', 'b'): 3, ('oh', 'dear'): 3, ('app', 'since'): 3, ('betting', 'app'): 3, ('since', 'update'): 3, ('old', 'format'): 2, ('back', 'old'): 2, ('previous', 'version'): 2, ('money', 'app'): 2, ('us', 'cash'): 2, ('let', 'us'): 2, ('much', 'better'): 2, ('like', 'new'): 2, ('app', 'poor'): 2, ('free', 'bet'): 2, ('dear', 'oh'): 2, ('betting', 'apps'): 2, ('way', 'ca'): 2, ('old', 'way'): 2, ('old', 'version'): 2, ('best', 'betting'): 2, ('update', 'awful'): 2, ('ca', 'log'): 2, ('opens', 'betfair'): 1, ('wo', 'let'): 1, ('fix', 'rubbish'): 1, ('rubbish', 'compared'): 1}","{('new', 'update', 'awful'): 2, ('go', 'back', 'old'): 2, ('let', 'us', 'cash'): 2, ('best', 'betting', 'app'): 2, ('dear', 'oh', 'dear'): 2, ('oh', 'dear', 'oh'): 2, ('app', 'since', 'update'): 2, ('away', 'rubbish', 'since'): 1, ('removed', 'straight', 'away'): 1, ('straight', 'away', 'rubbish'): 1, ('since', 'update', 'like'): 1, ('rubbish', 'since', 'update'): 1, ('update', 'like', 'new'): 1, ('like', 'new', 'update'): 1, ('new', 'update', 'completely'): 1, ('update', 'completely', 'ruined'): 1, ('completely', 'ruined', 'day'): 1, ('happens', 'removed', 'straight'): 1, ('else', 'happens', 'removed'): 1, ('day', 'cheltenham', 'today'): 1, ('apps', 'poor', 'wo'): 1, ('etc', 'quick', 'fix'): 1, ('quick', 'fix', 'rubbish'): 1, ('fix', 'rubbish', 'compared'): 1, ('rubbish', 'compared', 'betting'): 1, ('compared', 'betting', 'apps'): 1, ('betting', 'apps', 'poor'): 1, ('poor', 'wo', 'let'): 1, ('nothing', 'else', 'happens'): 1, ('wo', 'let', 'log'): 1}"
0,betfair,2023,2,"{'app': 5, 'bets': 3, 'good': 2, 'new': 2, 'old': 1, 'money': 1, 'withdraw': 1, 'deposit': 1, 'ca': 1, 'one': 1, 'near': 1, 'nearly': 1, 'nowhere': 1, 'logged': 1, 'although': 1, 'log': 1, 'asking': 1, 'betfair': 1, 'impossible': 1, 'bonuses': 1, 'get': 1, 'hold': 1, 'rubbish': 1, 'channel': 1, 'live': 1, 'racing': 1, 'multiple': 1, 'attempts': 1, 'show': 1, 'race': 1}","{('new', 'app'): 2, ('app', 'search'): 1, ('near', 'good'): 1, ('withdraw', 'money'): 1, ('deposit', 'withdraw'): 1, ('ca', 'deposit'): 1, ('one', 'ca'): 1, ('old', 'one'): 1, ('good', 'old'): 1, ('nowhere', 'near'): 1, ('betfair', 'nearly'): 1, ('app', 'nowhere'): 1, ('logged', 'new'): 1, ('although', 'logged'): 1, ('log', 'although'): 1, ('asking', 'log'): 1, ('keeps', 'asking'): 1, ('money', 'betfair'): 1, ('nearly', 'impossible'): 1, ('search', 'functionality'): 1, ('impossible', 'get'): 1, ('dont', 'like'): 1, ('bets', 'dont'): 1, ('multi', 'bets'): 1, ('odds', 'multi'): 1, ('best', 'odds'): 1, ('race', 'best'): 1, ('show', 'race'): 1, ('attempts', 'show'): 1, ('multiple', 'attempts'): 1}","{('app', 'search', 'functionality'): 1, ('betfair', 'nearly', 'impossible'): 1, ('withdraw', 'money', 'betfair'): 1, ('deposit', 'withdraw', 'money'): 1, ('ca', 'deposit', 'withdraw'): 1, ('one', 'ca', 'deposit'): 1, ('old', 'one', 'ca'): 1, ('good', 'old', 'one'): 1, ('near', 'good', 'old'): 1, ('nowhere', 'near', 'good'): 1, ('app', 'nowhere', 'near'): 1, ('new', 'app', 'nowhere'): 1, ('logged', 'new', 'app'): 1, ('although', 'logged', 'new'): 1, ('log', 'although', 'logged'): 1, ('asking', 'log', 'although'): 1, ('keeps', 'asking', 'log'): 1, ('money', 'betfair', 'nearly'): 1, ('nearly', 'impossible', 'get'): 1, ('search', 'functionality', 'seems'): 1, ('impossible', 'get', 'hold'): 1, ('dont', 'like', 'new'): 1, ('bets', 'dont', 'like'): 1, ('multi', 'bets', 'dont'): 1, ('odds', 'multi', 'bets'): 1, ('best', 'odds', 'multi'): 1, ('race', 'best', 'odds'): 1, ('show', 'race', 'best'): 1, ('attempts', 'show', 'race'): 1, ('multiple', 'attempts', 'show'): 1}"
0,betfair,2023,3,"{'still': 3, 'new': 3, 'better': 3, 'less': 2, 'would': 2, 'theme': 2, 'bet': 2, 'update': 2, 'unable': 1, 'disappointed': 1, 'always': 1, 'option': 1, 'cash': 1, 'delay': 1, 'poor': 1, 'rivals': 1, 'made': 1, 'bit': 1, 'reliable': 1, 'slower': 1, 'disappeared': 1, 'ago': 1, 'week': 1, 'higher': 1, 'light': 1, 'back': 1, 'suspended': 1, 'layout': 1, 'old': 1, 'friendly': 1}","{('unable', 'trigger'): 1, ('layout', 'better'): 1, ('disappeared', 'old'): 1, ('suspended', 'disappeared'): 1, ('always', 'suspended'): 1, ('option', 'always'): 1, ('cash', 'option'): 1, ('delay', 'cash'): 1, ('poor', 'delay'): 1, ('rivals', 'poor'): 1, ('better', 'rivals'): 1, ('still', 'better'): 1, ('disappointed', 'still'): 1, ('bit', 'disappointed'): 1, ('reliable', 'bit'): 1, ('less', 'reliable'): 1, ('slower', 'less'): 1, ('made', 'slower'): 1, ('update', 'made'): 1, ('new', 'update'): 1, ('ago', 'new'): 1, ('week', 'ago'): 1, ('higher', 'week'): 1, ('would', 'higher'): 1, ('theme', 'would'): 1, ('old', 'layout'): 1, ('better', 'new'): 1, ('back', 'light'): 1, ('new', 'one'): 1, ('android', 'still'): 1}","{('unable', 'trigger', 'promotions'): 1, ('old', 'layout', 'better'): 1, ('suspended', 'disappeared', 'old'): 1, ('always', 'suspended', 'disappeared'): 1, ('option', 'always', 'suspended'): 1, ('cash', 'option', 'always'): 1, ('delay', 'cash', 'option'): 1, ('poor', 'delay', 'cash'): 1, ('rivals', 'poor', 'delay'): 1, ('better', 'rivals', 'poor'): 1, ('still', 'better', 'rivals'): 1, ('disappointed', 'still', 'better'): 1, ('bit', 'disappointed', 'still'): 1, ('reliable', 'bit', 'disappointed'): 1, ('less', 'reliable', 'bit'): 1, ('slower', 'less', 'reliable'): 1, ('made', 'slower', 'less'): 1, ('update', 'made', 'slower'): 1, ('new', 'update', 'made'): 1, ('ago', 'new', 'update'): 1, ('week', 'ago', 'new'): 1, ('higher', 'week', 'ago'): 1, ('would', 'higher', 'week'): 1, ('theme', 'would', 'higher'): 1, ('light', 'theme', 'would'): 1, ('disappeared', 'old', 'layout'): 1, ('layout', 'better', 'new'): 1, ('trigger', 'promotions', 'log'): 1, ('better', 'new', 'one'): 1, ('happen', 'android', 'still'): 1}"
0,betfair,2023,4,"{'good': 8, 'app': 6, 'could': 4, 'time': 3, 'old': 3, 'great': 2, 'recently': 2, 'want': 2, 'overall': 2, 'prefer': 2, 'look': 2, 'ya': 2, 'site': 2, 'odds': 2, 'easy': 2, 'option': 2, 'used': 2, 'day': 2, 'getting': 1, 'every': 1, 'betfair': 1, 'thanks': 1, 'accessible': 1, 'also': 1, 'offers': 1, 'account': 1, 'managing': 1, 'straight': 1, 'payout': 1, 'love': 1}","{('good', 'app'): 3, ('prefer', 'old'): 2, ('old', 'look'): 2, ('app', 'recently'): 2, ('accessible', 'site'): 1, ('make', 'bit'): 1, ('every', 'day'): 1, ('day', 'managing'): 1, ('managing', 'make'): 1, ('time', 'get'): 1, ('bit', 'time'): 1, ('get', 'used'): 1, ('used', 'good'): 1, ('app', 'clear'): 1, ('clear', 'odds'): 1, ('odds', 'places'): 1, ('used', 'every'): 1, ('getting', 'used'): 1, ('could', 'better'): 1, ('betfair', 'getting'): 1, ('thanks', 'betfair'): 1, ('good', 'thanks'): 1, ('also', 'good'): 1, ('offers', 'also'): 1, ('account', 'offers'): 1, ('back', 'account'): 1, ('straight', 'back'): 1, ('payout', 'straight'): 1, ('love', 'payout'): 1, ('website', 'love'): 1}","{('accessible', 'site', 'moving'): 1, ('site', 'moving', 'one'): 1, ('places', 'could', 'better'): 1, ('odds', 'places', 'could'): 1, ('clear', 'odds', 'places'): 1, ('app', 'clear', 'odds'): 1, ('good', 'app', 'clear'): 1, ('used', 'good', 'app'): 1, ('get', 'used', 'good'): 1, ('time', 'get', 'used'): 1, ('bit', 'time', 'get'): 1, ('make', 'bit', 'time'): 1, ('managing', 'make', 'bit'): 1, ('day', 'managing', 'make'): 1, ('every', 'day', 'managing'): 1, ('used', 'every', 'day'): 1, ('getting', 'used', 'every'): 1, ('betfair', 'getting', 'used'): 1, ('thanks', 'betfair', 'getting'): 1, ('good', 'thanks', 'betfair'): 1, ('also', 'good', 'thanks'): 1, ('offers', 'also', 'good'): 1, ('account', 'offers', 'also'): 1, ('back', 'account', 'offers'): 1, ('straight', 'back', 'account'): 1, ('payout', 'straight', 'back'): 1, ('love', 'payout', 'straight'): 1, ('website', 'love', 'payout'): 1, ('navigate', 'website', 'love'): 1, ('taking', 'navigate', 'website'): 1}"
0,betfair,2023,5,"{'app': 12, 'good': 12, 'easy': 11, 'use': 11, 'great': 9, 'best': 7, 'excellent': 5, 'odds': 5, 'service': 4, 'get': 4, 'betting': 4, 'like': 3, 'happy': 2, 'ok': 2, 'website': 2, 'really': 2, 'site': 2, 'bets': 2, 'betfair': 2, 'class': 2, 'helpful': 2, 'new': 2, 'bet': 2, 'need': 2, 'negative': 2, 'one': 2, 'casino': 2, 'clicking': 2, 'believe': 2, 'lot': 2}","{('easy', 'use'): 8, ('betting', 'app'): 3, ('great', 'app'): 3, ('best', 'odds'): 2, ('use', 'easy'): 2, ('app', 'easy'): 2, ('app', 'great'): 2, ('selections', 'enjoying'): 1, ('many', 'thanks'): 1, ('bonus', 'easy'): 1, ('good', 'site'): 1, ('site', 'new'): 1, ('new', 'betfair'): 1, ('betfair', 'terrible'): 1, ('terrible', 'stay'): 1, ('stay', 'original'): 1, ('original', 'good'): 1, ('good', 'many'): 1, ('thanks', 'easy'): 1, ('enjoying', 'weekend'): 1, ('use', 'excellent'): 1, ('excellent', 'experience'): 1, ('acca', 'bonus'): 1, ('weekend', 'acca'): 1, ('experience', 'great'): 1, ('great', 'layout'): 1, ('layout', 'plenty'): 1, ('plenty', 'bet'): 1, ('bet', 'selections'): 1, ('absolutely', 'class'): 1}","{('app', 'easy', 'use'): 2, ('easy', 'use', 'easy'): 2, ('absolutely', 'class', 'betting'): 1, ('use', 'easy', 'use'): 1, ('good', 'site', 'new'): 1, ('site', 'new', 'betfair'): 1, ('new', 'betfair', 'terrible'): 1, ('betfair', 'terrible', 'stay'): 1, ('terrible', 'stay', 'original'): 1, ('stay', 'original', 'good'): 1, ('original', 'good', 'many'): 1, ('good', 'many', 'thanks'): 1, ('many', 'thanks', 'easy'): 1, ('thanks', 'easy', 'use'): 1, ('easy', 'use', 'excellent'): 1, ('happy', 'works', 'good'): 1, ('use', 'excellent', 'experience'): 1, ('excellent', 'experience', 'great'): 1, ('experience', 'great', 'layout'): 1, ('great', 'layout', 'plenty'): 1, ('layout', 'plenty', 'bet'): 1, ('plenty', 'bet', 'selections'): 1, ('bet', 'selections', 'enjoying'): 1, ('selections', 'enjoying', 'weekend'): 1, ('enjoying', 'weekend', 'acca'): 1, ('weekend', 'acca', 'bonus'): 1, ('acca', 'bonus', 'easy'): 1, ('works', 'good', 'site'): 1, ('say', 'happy', 'works'): 1, ('easy', 'good', 'best'): 1}"
