,Link,Languages,Types,Crypto Currencies,Other Payments,Community,~AutoDice speed (~10 sec),Global Rank,19-Mar,19-Apr,19-May,19-Jun,19-Jul,19-Aug,19-Sep,19-Oct,19-Nov,19-Dec,20-Jan,20-Feb,Month change
1,bet365.com,"EN, ES, DE. IT, PT, DK, SV, NO, CN, BG, GR, PL, RO, CS, HU, SK, NL","Casino, Live Casino, Sports, Other",?,"VISA, Maestro, Mastercard, PayPal, PaySafeCard, Skrill, Neteller, Trustly, Bank Transfer, Bank Wire, Cheque",?,-,114,264 800 000,270 200 000,255 000 000,241 100 000,237 400 000,262 600 000,281 900 000,293 500 000,297 100 000,309 700 000,282 100 000,317 000 000,"12,37%"
2,caliente.mx,ES,"Casino, Live Casino, Sports, Other",?,"VISA, Bank Transfer, PaySafeCard, Dinero Mail, Todito Cash",?,-,408,113 400 000,118 600 000,110 600 000,101 000 000,103 000 000,71 870 000,69 200 000,74 220 000,74 300 000,123 500 000,168 500 000,115 800 000,"-31,28%"
3,verajohn.com,"EN, JP, NO, FI, DE, ES, PT","Casino, Live Casino, Other",?,"EcoPayz, Neteller, VISA, Mastercard, Maestro, Skrill, Trustly",?,-,756,12 080 000,23 500 000,31 870 000,25 310 000,43 300 000,39 250 000,43 230 000,60 560 000,62 610 000,66 780 000,89 320 000,79 750 000,"-10,71%"
4,pch.com,EN,"Casino, Other",?,"VISA, Mastercard, Discover",?,-,195,89 740 000,87 670 000,85 700 000,81 470 000,85 360 000,77 020 000,74 160 000,74 920 000,69 370 000,73 360 000,84 210 000,71 970 000,"-14,54%"
5,freebitco.in,EN,"Dice, Sport, Other",BTC,?,?,39,1959,51 060 000,55 200 000,57 390 000,57 080 000,57 490 000,58 910 000,55 890 000,58 930 000,54 140 000,59 970 000,63 200 000,55 160 000,"-12,72%"
6,nesine.com,TR,"Sports, Other",?,Bank Transfer,?,-,867,27 190 000,25 430 000,21 950 000,16 050 000,16 240 000,36 260 000,45 550 000,44 100 000,43 220 000,44 230 000,36 290 000,37 410 000,"3,09%"
7,parimatch.com,"EN, RU","Casino, Live Casino, Sports, E-Sports, Other",BTC,"VISA, Mastercard, E-Banking, Alfa Bank, Promsvyaz Bank, EntroPay, Skrill, Neteller, Qiwi, WebMoney, Perfect Money, ADVcash, Android Bozor, Vodafone, MTS, Tele2, Beeline, Megafon, Payment terminal, TelePay, PayVand, Express Pay, Cash Desk",?,-,1216,21 710 000,21 100 000,20 160 000,20 960 000,22 570 000,26 710 000,27 020 000,31 150 000,30 980 000,35 400 000,37 040 000,36 090 000,"-2,56%"
8,netkeiba.com,JP,Other,?,?,?,-,936,25 350 000,27 540 000,31 580 000,26 300 000,21 160 000,25 950 000,26 760 000,34 130 000,35 880 000,39 800 000,30 440 000,28 770 000,"-5,49%"
9,fdj.fr,FR,Other,?,"Mastercard, VISA, PaySafeCard, PayPal",https://www.fdj.fr/actualite,-,2343,19 810 000,18 000 000,17 720 000,18 160 000,19 030 000,20 110 000,25 320 000,22 080 000,20 770 000,22 940 000,18 490 000,19 680 000,"6,44%"
10,tjk.org,"EN, TR",Other,?,Bank Transfer,?,-,2646,16 200 000,16 060 000,16 430 000,17 770 000,17 900 000,21 760 000,19 460 000,18 560 000,18 090 000,19 740 000,20 930 000,19 250 000,"-8,03%"
11,bovada.lv,"EN, ES, CN","Casino, Live Casino, Sports","BTC, BCH","VISA, Maestro",?,-,2759,11 820 000,10 890 000,9 827 000,8 246 000,6 815 000,10 430 000,16 110 000,15 870 000,17 710 000,16 210 000,14 210 000,18 250 000,"28,43%"
12,hollywoodbets.net,EN,Sports,?,"VISA, Mastercard, Bank Transfer, PayFast",?,-,1560,33 100 000,32 870 000,30 270 000,27 160 000,28 310 000,21 190 000,19 760 000,18 810 000,17 510 000,19 350 000,19 060 000,17 160 000,"-9,97%"
13,stoloto.ru,RU,Other,?,"VISA, Mastercard, MIR, WalletOne, QIWI, Yandex Money, Tinkoff Bank, Yota, AlfaClick, Beeline, MTS, Megafon, Tele2, Payment terminal",https://www.stoloto.ru/press,-,2208,23 220 000,20 070 000,18 730 000,19 500 000,20 060 000,15 070 000,15 800 000,17 010 000,16 700 000,19 960 000,35 860 000,16 540 000,"-53,88%"
14,betfair.com,"EN, DE, DK, GR, ES, IT, PT, RU, SV","Casino, Live Casino, Sports, E-Sports, Other",?,"VISA, Mastercard, Cheque, Bank Transfer, Western Union",?,-,2258,16 290 000,16 470 000,14 310 000,14 480 000,13 830 000,15 640 000,14 550 000,14 880 000,14 920 000,15 390 000,14 730 000,14 800 000,"0,48%"
15,lotto.pl,PL,Other,?,"VISA, Mastercard, DotPay, Blik",https://www.totalizator.pl/firma/aktualnosci,-,3531,14 390 000,14 270 000,15 410 000,14 410 000,15 290 000,14 160 000,12 530 000,12 500 000,12 730 000,13 100 000,14 590 000,13 150 000,"-9,87%"
16,skybet.com,"EN, DE","Sport, E-Sport",?,"PaySafeCard, Sofort, GiroPay, VISA, Mastercard, Neteller, Skrill",?,-,3310,22 640 000,19 260 000,15 820 000,13 300 000,12 860 000,17 090 000,14 820 000,15 590 000,14 750 000,15 370 000,13 100 000,12 260 000,"-6,41%"
17,williamhill.com,"EN, ES, PT, FI, DE, JP, CS, HU, SL, RO, SR, RU, GR, CN, FR, PL","Casino, Live Casino, Sports, E-Sports, Other",?,"VISA, Mastercard, Maestro, Skrill, PayPal, Neteller, WebMoney, Yandex Money, Qiwi, EcoPayz, EPS, Euteller, InstaDebit, Poli, Przelewy24, SafetyPay, Sofort, Trustly, Cash Desk, Todito Cash, PaySafeCard, NeoSurf, Bank Transfer, Cheque",?,-,3345,15 250 000,16 270 000,13 790 000,13 440 000,12 270 000,15 070 000,15 380 000,15 850 000,15 590 000,15 340 000,13 510 000,11 930 000,"-11,70%"
18,lapalingo.com,"EN, NO, PL, FI, DE","Casino, Live Casino, Sports",?,"VISA, Mastercard, Trustly, PaySafeCard, Sofort, EcoPayz, Neteller, Skrill, TrustPay",https://www.lapalingo.com/en/news,-,8248,7 143 000,5 465 000,5 881 000,6 394 000,5 825 000,4 222 000,3 947 000,4 725 000,4 387 000,10 730 000,8 539 000,9 640 000,"12,89%"
19,playamo.com,"RU, EN, DE, NO, FI, PL, FR, PT, ES, CS, ZA, NZ","Casino, Live Casino","BTC, BCH, ETH, DOGE, LTC, USDT","VISA, Mastercard, Maestro, Qiwi, Yandex Money, Skrill, Svyaznoy",?,15 (provider game),9901,441 486,92 891,399 278,375 361,364 496,447 652,564 337,3 604 000,10 350 000,13 380 000,10 270 000,6 391 000,"-37,77%"
20,sunmaker.com,"EN, DE, TR","Casino, Sport",?,"Sofort, VISA, Mastercard, GiroPay, Neteller, Skrill, American Express, Solo, Maestro, Mistercash",?,-,11441,10 840 000,10 350 000,9 668 000,8 584 000,11 560 000,8 118 000,8 580 000,8 882 000,7 076 000,11 650 000,9 996 000,5 816 000,"-41,82%"
21,skyvegas.com,EN,"Casino, Other",?,"VISA, Maestro, Mastercard, PayPal",https://engineering.skybettingandgaming.com/,-,8391,5 796 000,4 984 000,4 930 000,4 461 000,4 458 000,5 530 000,5 181 000,5 909 000,5 697 000,6 488 000,5 837 000,5 613 000,"-3,84%"
22,planetwin365.it,IT,"Casino, Live Casino, Sports, E-Sports",?,"VISA, Mastercard, PostePay, PayPal, Skrill, Neteller, Bank Transfer, PaySafeCard",?,-,9417,16 590 000,16 950 000,16 450 000,8 388 000,4 049 000,3 495 000,4 361 000,4 747 000,4 595 000,4 199 000,3 771 000,3 936 000,"4,38%"
23,stake.com,"EN, RU, TR, CN, PH, IN, PT, ES","Casino, Sport, Other","BTC, ETH, LTC, DOGE, BCH, XRP, TRX",?,https://forum.stake.com/,45,14727,1 160 000,1 157 000,941 208,1 147 000,1 057 000,1 208 000,910 558,826 250,1 048 000,1 418 000,897 336,3 706 000,"313,00%"
24,leovegas.com,"EN, DE, DK, FI, NO, IT, SV","Casino, Live Casino, Sports",?,"VISA, Mastercard, Skrill, Neteller, Trustly, PaySafeCard",?,-,12601,4 191 000,4 139 000,4 211 000,3 497 000,3 037 000,3 288 000,3 773 000,3 200 000,2 828 000,3 231 000,3 245 000,3 167 000,"-2,40%"
25,jackpotcitycasino.com,"EN, ES, FR, DE, SV, NO, FI, JP, GR, RU, PL, BG, LV, CS, HR, MT, LT, IS, KM, KR, TH, SR, IT, PT","Casino, Live Casino",?,"VISA, Mastercard, EcoPayz, EntroPay, Moneta.ru, Neteller, Qiwi, Skrill, WebMoney, Yandex Money",https://blog.jackpotcitycasino.com/ru/,-,15157,3 390 000,3 400 000,3 116 000,2 918 000,2 530 000,2 831 000,2 732 000,2 896 000,2 720 000,2 852 000,2 989 000,2 390 000,"-20,04%"
26,mrgreen.com,"EN, SV, PE, NO, ES, IT, FI, DE, CN, DK","Casino, Live Casino, Sports, E-Sports, Other",?,"VISA, Mastercard, Maestro, PaySafeCard, Bank Transfer, Neteller, Skrill",https://blog.mrgreen.com/en/,-,18863,3 742 000,2 346 000,2 233 000,2 167 000,2 209 000,2 316 000,2 210 000,2 272 000,2 665 000,2 787 000,2 120 000,2 101 000,"-0,90%"
27,casumo.com,"EN, DE, FI, NO, SV, DK","Casino, Live Casino",?,"VISA, Mastercard, Skrill, Neteller, PaySafeCard, Bank Transfer",https://www.casumo.com/en/blog/,-,20075,2 226 000,2 283 000,2 760 000,2 996 000,3 073 000,3 029 000,2 525 000,2 377 000,3 252 000,3 120 000,1 921 000,1 768 000,"-7,96%"
28,europacasino.com,"EN, FR, IT, PL, RU, ES, SV, AR, GR, PT","Casino, Live Casino",?,"VISA, Mastercard, E-Banking, InstaDebit, iDebit, Easy EFT, PaySafeCard, Neteller, Skrill, EntroPay",?,-,37528,2 455 000,3 918 000,3 193 000,2 768 000,2 645 000,2 490 000,1 649 000,1 765 000,2 357 000,3 178 000,2 306 000,1 516 000,"-34,26%"
29,bitcoincasino.io,"RU, EN, JP, DE, CN, KR, PT, FR, ES, TR, TH","Casino, Live Casino, Other","BTC, BCH, DOGE, LTC, USDT","VISA, Mastercard, Sofort, NeoSurf, Neteller, Skrill, PaySafeCard, EcoPayz, InstaDebit, iDebit, Yandex Money, Qiwi",?,5 (provider game),45773,16 994,1 506 000,1 614 000,314 708,80 929,242 311,644 861,961 221,1 488 000,1 961 000,2 397 000,1 363 000,"-43,14%"
30,happistar.com,"EN, JP, VI, ID, TH","Casino, Live Casino, Sports, E-Sports",BTC,"VISA, Mastercard, Help2Pay, EcoPayz, Votus Point, Vicus, PayTrust, Quick Pay",?,-,47977,245 786,130 449,221 460,60 973,90 542,118 663,135 244,104 794,32 836,34 530,74 615,1 357 000,"1718,67%"
31,cloudbet.com,"EN, IN, KR, RU, TR, CN, FR","Casino, Live Casino, Sport","BTC, BCH",?,https://www.cloudbet.com/en/blog,-,39035,486 422,553 087,520 079,540 684,634 958,355 462,815 233,1 017 000,996 975,1 110 000,1 088 000,1 300 000,"19,49%"
32,favorit.com.ua,"EN, RU","Casino, Live Casino, Sports, E-Sports, Other",?,"Cash Desk, VISA, Mastercard, Maestro, WalletOne, Privat24, IBox, E-Pay, Privat Bank, Sistema, Áàíê ôàì³ëüíèé, 2Click",?,-,21169,19 030 000,16 320 000,18 590 000,16 590 000,14 610 000,16 430 000,15 630 000,18 740 000,20 700 000,15 710 000,1 771 000,1 281 000,"-27,67%"
33,intertops.eu,"EN, DE","Casino, Sport","BTC, BCH, LTC","VISA, Mastercard, Neteller, Skrill, Sofort, Bank Transfer, EcoPayz, Bank Wire, Money Global, PaySafeCard, Cash Direct",?,-,44411,1 405 000,1 289 000,1 235 000,974 447,1 204 000,1 128 000,1 879 000,1 593 000,1 646 000,1 518 000,1 182 000,1 220 000,"3,21%"
34,1xbit.com,"AL, AM, AE, AZ, BG, BS, BY, CN, CS, DK, DE, GR, EN, ES, EE, IR, FI, FR, IL, IN, HR, HU, AM, ID, IQ, IT, JP, GE, KM, KR, KZ, LT, LV, MK, MN, MY, NB, NP, NL, PL, PT, RO, RU, SK, SR, SV, KE, TH, TJ, TR, UA, UZ, VI, ZA","Sport, E-Sport, Casino, Live Casino, Other","BTC, LTC, DOGE, DASH, ETH, XMR, ZEC, GAME, NEM, BCN, SIB, DGB, BTG, BCH, ETC, BTS, XVG, QTUM, STRAT, XRP, TRX",?,https://1xbit.com/en/blog/,-,57871,187 416,1 021 000,2 095 000,1 563 000,1 951 000,1 293 000,1 320 000,1 430 000,1 608 000,1 660 000,1 360 000,1 130 000,"-16,91%"
35,casino777.be,"EN, DE, FR, NL","Casino, Live Casino, Sports",?,"VISA, Mastercard, HiPay, BanContact, ING, Belfius, KBC, CBC, Skrill, PaySafeCard, Ticket Premium, PayPal, Neteller",https://blog.casino777.be/en/,-,45772,1 270 000,2 249 000,1 038 000,912 580,998 731,946 276,1 003 000,887 437,888 704,1 296 000,1 132 000,928 096,"-18,01%"
36,nitrogensports.eu,EN,"Sport, E-Sport, Casino",BTC,?,https://blog.nitrogensports.eu/,-,49856,878 292,903 492,844 942,1 079 000,778 443,772 851,1 151 000,1 072 000,989 002,1 028 000,684 062,872 915,"27,61%"
37,bitstarz.com,"CN, JP, EN, RU","Casino, Live Casino","BCH, LTC, ETH, DOGE, USDT, BTC","Qiwi, Yandex Money, WebMoney, VISA, MasterCard, Maestro, Skrill, Neteller, Bank Transfer, PaySafeCard",https://www.bitstarz.com/blog/,5 (provider game),47380,1 043 000,1 471 000,1 784 000,1 872 000,1 063 000,778 597,876 076,1 297 000,1 407 000,1 172 000,1 089 000,842 506,"-22,63%"
38,luckygames.io,"EN, RU, PT, ES, TR","Casino, Other","ZRX, ELF, AE, ARDR, ARK, REP, BNT, BAT, BNB, BITB, BTC, BCH, BCD, BTG, BSV, BTX, BTS, BTT, BLK, BURST, BCN, ADA, LINK, CVC, CLAM, CLOAK, CRW, MCO, DASH, MANA, DCR, DGB, DOGE, EMC2, ETN, EMC, EOS, ETH, ETC, FTC, FUN, GAME, GAS, GTO, GNT, GRS, NLG, HOT, ZEN, HC, ICX, IGNIS, ION, KMD, LSK, LTC, LRC, MONA, XMR, NMC, NANO, NAV, NEBL, XEM, NEO, NXS, NVC, NXT, OMG, ONT, PART, PPC, PIVX, PPT, POT, NPXS, QTUM. RVN, RDD, XRP, SALT, SC, SNT, STEEM, SBD, XLM, STRAT, SYS, USDT, TRX, TUSD, UBQ, VET, XVG, VRC, VTC, VIA, WAVES, XWC, ZEC, XZC, ZIL",?,https://forum.luckygames.io/,55,57009,1 898 000,1 721 000,1 832 000,1 757 000,1 857 000,924 249,810 385,1 181 000,919 120,969 348,884 582,839 978,"-5,04%"
39,ignitioncasino.eu,"EN, ES, CN","Casino, Live Casino","BTC, BCH","VISA, Mastercard",?,-,50039,960 707,933 144,1 054 000,933 364,724 594,900 544,717 181,972 024,932 945,1 191 000,1 025 000,781 265,"-23,78%"
40,sportsbet.io,"CN, JP, ES, EN, PT, TR, VI, TH","Sports, Casino","BTC, SOC, ETH, LTC","VISA, Mastercard, Skrill, Neteller, EcoPayz, MuchBetter, AstroPay, Jeton, CashtoCode, SticPay, PaySafeCard",?,-,56418,932 427,737 285,461 884,535 649,514 031,405 669,428 391,582 597,799 497,986 787,557 618,673 382,"20,76%"
41,grand-casino.com,RU,"Casino, Live Casino","BTC, ETH","VISA, Mastercard, Maestro, Qiwi, Yandex Money, Payment terminal, Mobile Commerce, Privat24, AlfaClick, Payeer, Perfect Money, NIX Money, Skrill, Neteller, EcoPayz, Moneta.ru, Svyaznoy, Promsvyaz Bank, Russian Standard Bank",?,-,99607,5 681 000,3 458 000,3 523 000,3 512 000,3 207 000,3 043 000,3 166 000,3 622 000,2 952 000,1 852 000,1 116 000,633 383,"-43,25%"
42,baocasino.com,"RU, EN, DE, ES, PT, JP, FI","Casino, Live Casino, Other","BTC, BCH, LTC, ETC, DOGE","VISA, Mastercard, Maestro, Zimpler, Skrill, Neteller, NeoSurf, Rapid Transfer, EcoPayz, PaySafeCard, iDebit, InstaDebit, Yandex Money, Qiwi, Sofort, GiroPay, Interac, Mobile Commerce, Svyaznoy, Euroset, AlfaClick",?,5 (provider game),100247,158 118,136 144,225 881,1 936 000,2 741 000,2 355 000,2 069 000,1 764 000,975 669,675 651,367 565,415 112,"12,94%"
43,sunnyplayer.com,EN,"Casino, Live Casino, Sports",?,"Sofort, VISA, Mastercard, GiroPay, Neteller, Skrill, American Express, Solo, Maestro, Mistercash",?,-,89492,4 394 000,4 918 000,2 588 000,1 526 000,2 665 000,3 386 000,4 071 000,3 337 000,1 732 000,1 390 000,1 436 000,384 775,"-73,21%"
44,bc.game,EN,"Casino, Other","BTC, SATS, ETH, XRP, NBX, EOS, DOGE, XMR, SERO, BCH, TRX, USDT, VSYS, DAI, LTC, BCG, XLM, TRTL, SOG, AXE",?,?,20,123467,516 419,614 033,683 196,420 108,752 370,380 650,387 616,503 814,432 965,742 805,699 749,371 627,"-46,89%"
45,slotocash.im,EN,Casino,"BTC, LTC","VISA, Mastercard, American Express, Skrill, Neteller, EcoPayz, Bank Transfer, Cash Direct",https://www.slotocash.im/en/blog,-,94853,832 240,577 122,592 048,569 466,593 985,490 693,453 050,396 736,347 244,343 798,324 131,370 549,"14,32%"
46,freedoge.co.in,EN,Dice,DOGE,?,?,39,160478,46 070 000,20 790 000,22 890 000,20 450 000,20 340 000,11 830 000,1 408 000,754 838,525 422,422 345,447 796,356 938,"-20,29%"
47,yolodice.com,EN,Dice,"BTC, DOGE, ETH, LTC",?,?,Speed limit,114362,916 552,2 933 000,2 841 000,304 466,500 427,206 168,110 628,83 349,284 628,355 374,89 565,353 938,"295,17%"
48,bitsler.com,"EN, ES, FR, PT, RU, TR, JP",Casino,"BTC, ETH, LTC, BCH, XRP, DOGE, DASH, BTG, KMD, STRAT, NEO, ETC, ZEC, LSK, DGB, QTUM, WAVES, BSV, EOS, TRX, XLM",?,https://blog.bitsler.com/ - https://forum.bitsler.com/,45,84796,845 767,844 971,1 361 000,982 323,873 038,497 781,520 122,540 491,565 116,517 912,443 485,309 506,"-30,21%"
49,cafecasino.lv,EN,"Casino, Live Casino, Other","BTC, BCH","VISA, Mastercard",https://www.cafecasino.lv/articles,-,99556,309 741,363 952,493 610,523 393,544 302,469 971,373 721,405 088,361 016,314 559,317 244,279 334,"-11,95%"
50,mbitcasino.com,"EN, JP","Casino, Live Casino","BTC, ETH, LTC, DOGE, BCH, USDT",?,https://www.mbitcasino.com/blog,5 (provider game),148128,194 994,202 930,206 181,446 342,333 944,210 121,180 591,160 140,165 080,157 408,151 983,267 315,"75,88%"
51,miamiclubcasino.im,EN,"Casino, Live Casino","BTC, BCH, LTC","VISA, Mastercard, Neteller, Skrill, NeoSurf, EcoPayz, Sofort, PaySafeCard, Cheque, Bank Transfer",?,-,115131,494 442,393 189,485 663,402 888,426 798,513 363,233 566,227 910,253 981,294 767,315 546,261 740,"-17,05%"
52,bitcasino.io,"RU, EN, FR, TR, PT, DE, ES, JP, CN","Casino, Live Casino, Sport, E-Sport, Other","BTC, ETH, LTC","SticPay, EcoPayz, Jeton, MuchBetter, AstroPay, VISA, Mastercard",?,-,102728,472 452,568 610,431 692,489 817,379 668,328 586,266 361,448 751,867 292,1 494 000,1 061 000,252 718,"-76,18%"
53,games.bitcoin.com,EN,Casino,"BTC, BCH",?,?,39,199511,218 278,321 331,300 760,526 915,519 987,287 854,287 518,486 951,444 498,709 424,517 425,242 096,"-53,21%"
54,rivalo.com,"RU, DE, EN, IT, FR, TR, SR, PL, PT, ES, CO","Casino, Live Casino, Sport",BTC,"PaySafeCard, EcoPayz, Neteller, Skrill, VISA",?,-,184508,617 296,674 102,786 389,586 988,533 673,480 577,406 816,352 364,347 380,286 529,232 218,236 330,"1,77%"
55,fortunejack.com,"EN, JP","Sports, Dice, Casino, Live Casino","BTC, LTC, DASH, XMR, DOGE, ETH, ZEC, BCH, TRX",?,https://fortunejack.com/blog/home,50,119718,408 563,394 623,430 814,283 523,348 167,275 042,307 968,413 268,396 546,242 753,186 929,235 763,"26,12%"
56,duckdice.io,"RU, IN, PT, PH, ES, ID, FR, DE, TR, AR, UA","Dice, Other","BTC, LTC, DOGE, ETH, BCH, DASH, XRP, XMR, ETC, XLM, BTG, ZEC, USDT",?,https://duckdice.io/forum,41,115227,178 833,167 267,170 396,364 592,703 869,578 402,301 017,279 352,323 654,257 452,247 246,220 163,"-10,95%"
57,trueflip.io,"EN, DE, ES, PT, SV, FI, NO, RU, KR","Casino, Live Casino, Other","BTC, ETH, LTC, DOGE, DASH, BCH, ADA, ZEC, XMR, XRP, NEO","VISA, Mastercard, EcoPayz",?,-,188765,47 365,67 287,1.00,1.00,1.00,1.00,1.00,1.00,49 428,135 492,163 535,202 451,"23,80%"
58,primedice.com,"PT, EN, IN, RU, PH",Dice,"BTC, ETH, LTC, DOGE, BCH, XRP",?,https://forum.primedice.com/,31,146808,546 457,432 576,400 291,396 741,2 359 000,424 224,380 247,383 759,210 966,226 009,207 139,188 566,"-8,97%"
59,windice.io,"RU, EN",Dice,"BTC, ETH, LTC, DOGE, BCH",?,https://forum.windice.io/,10,229760,434 105,1 222 000,1 236 000,1 244 000,276 261,760 197,522 878,264 201,221 638,218 037,152 213,186 842,"22,75%"
60,trustdice.win,"VT, EN, RU, KR","Dice, Other","BTC, ETH, EOS, TXT, USDT, OATH, UUU, VITA, BGG",?,?,5,215148,35 540,75 248,178 009,358 754,249 267,204 951,137 214,169 768,168 553,201 554,172 606,186 608,"8,11%"
61,freebitcoins.com,EN,Other,"BTC, CLAM",?,?,-,214049,138 314,204 312,186 210,252 257,200 032,88 704,80 851,97 083,66 309,179 204,411 011,180 332,"-56,12%"
62,luckycreek.com,EN,"Casino, Live Casino, Other",BTC,"Mastercard, Skrill, Neteller, EcoPayz",?,-,145655,394 083,293 890,376 905,283 568,300 686,234 234,349 221,302 889,335 568,330 933,251 934,175 095,"-30,50%"
63,gunsbet.com,"RU, EN, ES, FI, DE, NO, CS, PL","Casino, Live Casino, Other",BTC,"VISA, Mastercard, Skrill, Neteller, PaySafeCard, WireCard, Zimpler, Interac, NeoSurf, EcoPayz, Qiwi, Sofort, CoinsPaid",?,5 (provider game),196255,61 684,94 306,102 961,71 809,68 228,26 437,62 661,90 280,82 621,97 196,89 863,172 856,"92,36%"
64,drakecasino.eu,EN,"Casino, Live Casino, Other",BTC,"VISA, Mastercard, Gift Card, Quick Cash",https://blog.drakecasino.eu/,-,167559,273 776,225 959,207 008,179 089,237 626,219 460,173 000,148 004,161 553,159 200,161 128,152 152,"-5,57%"
65,bustabit.com,EN,Other,BTC,?,?,-,121291,224 300,185 519,262 948,212 977,241 794,183 506,121 860,174 214,181 227,214 258,182 759,152 023,"-16,82%"
66,riobet.com,"RU, EN, ES, SV, FI, CN","Casino, Live Casino, Sports",?,"Qiwi, Payeer, VISA, Mastercard, Skrill, Neteller, Yandex Money",https://riobet.com/ru/news,-,188194,163 633,129 717,135 763,239 791,204 784,176 898,179 373,195 319,233 840,221 636,207 712,148 346,"-28,58%"
67,kingbillycasino.com,"EN, DE, NO, RU, FI, GR","Casino, Live Casino","BTC, BCH, ETH. LTC","Qiwi, Yandex Money, AlfaClick, VISA, Mastercard, Skrill, Neteller, PaySafeCard, NeoSurf, EcoPayz",https://www.kingbillycasino.com/ru/blog,5 (provider game),169418,146 337,186 625,173 371,117 473,135 342,125 913,148 934,151 932,227 644,209 955,193 732,136 808,"-29,38%"
68,slots.com,"EN, ES, PT","Casino, Live Casino, Other",BTC,?,?,-,413085,38 132,45 419,59 357,69 819,62 377,111 617,101 957,113 000,137 529,114 941,141 765,130 058,"-8,26%"
69,crypto-games.net,EN,"Casino, Live Casino, Other","BTC, BCH, XMR, LTC, ETC, STRAT, DOGE, GAS, ETH, DASH",?,https://blog.crypto-games.net/,13,250718,341 553,324 938,383 434,462 746,527 691,251 942,171 354,179 371,175 083,146 887,138 437,125 484,"-9,36%"
70,cherrygoldcasino.com,EN,"Casino, Live Casino, Other",BTC,"VISA, Mastercard",?,-,220482,197 623,225 439,226 334,193 420,241 446,144 724,154 220,223 920,174 320,175 649,150 360,125 137,"-16,78%"
71,ph.casino,"EN, FR, DE, ES, IT, PT, RU, SA, IL, JP, CS, TR, NO, RO, PL, HU, HR, SR, SL","Casino, Live Casino","BTC, CoinPayment","VISA, Mastercard, EntroPay, Neteller, Skrill, PayPal, PaySafeCard, NeoSurf, AstroPay, Qiwi",https://www.ph.casino/all-casino-news,15 (provider game),320114,398 075,276 413,371 727,166 243,379 658,119 219,138 659,92 662,74 452,196 488,89 566,124 320,"38,80%"
72,ilucki.com,"BG, PT, EN, CN, CS, DE, RU","Casino, Live Casino","BTC, ETH, LTC, BCH, DOGE","VISA, Mastercard, Maestro, iDebit, GiroPay, NeoSurf, InstaDebit, EcoPayz, Trustly, Zimpler, PaySafeCard, Neteller, Skrill, Sofort, PurplePay, Yandex Money, Qiwi, Mobile Commerce, Svyaznoy, Euroset, AlfaClick",?,15 (provider game),228514,87 133,105 067,78 680,80 578,68 614,72 966,81 759,117 123,71 480,140 641,103 324,103 058,"-0,26%"
73,uniquecasino.com,"EN, FR, DE, IN, JP, NO, ES, SV","Casino, Live Casino",BTC,"VISA, Maestro, KLUWP, UniqueBit, Skrill, Neteller, CashLib, EcoPayz",?,-,306838,159 112,191 569,185 467,130 050,135 074,95 443,115 972,147 483,117 395,87 467,97 877,100 046,"2,22%"
74,wildblaster.com,"RU, EN, NO, DE, ES, FR, PL, PT, FI","Casino, Live Casino",BTC,"VISA, Mastercard, Maestro, Sofort, iDeal, Neteller, Skrill, EcoPayz, Zimpler, PaySafeCard, Mobile Commerce, Svyaznoy, Alfa Bank, Yandex Money, Qiwi",?,5 (provider game),307752,212 241,264 750,256 789,360 644,385 181,125 763,88 541,85 554,98 901,124 970,116 482,99 305,"-14,75%"
75,freespin.com,EN,"Casino, Live Casino, Other",BTC,"VISA, Mastercard",?,-,267904,130 345,201 300,163 602,176 224,109 785,51 071,61 448,90 063,135 953,142 901,116 001,98 197,"-15,35%"
76,casino-x.com,"EN, RU, DE, ES, IT, AR, RO, PT, SV, PL, NO, FI, BG, JP","Casino, Live Casino, Sports","BTC, ETH, LTC, XRP","VISA, Mastercard, Neteller, Skrill, PaySafeCard, Trustly, EcoPayz, NeoSurf",?,-,291109,221 281,190 961,194 697,223 690,219 594,213 701,187 330,144 549,220 261,263 315,107 692,92 733,"-13,89%"
77,wolf.bet,"EN, RU, PT",Dice,"BTC, ETH, LTC, DOGE, TRX, BCH",?,?,35,281675,-,-,-,5 469,13 990,31 786,65 105,106 097,111 066,116 765,122 796,89 723,"-26,93%"
78,bitkong.com,"EN, ES, PT, DE, FR, RU, TR, TH, VI, JP, KR, CN, IN, AR, IR, ID",Other,BTC,?,?,-,474968,424 218,367 170,365 357,854 352,663 400,403 097,190 883,211 861,148 069,145 891,182 095,86 658,"-52,41%"
79,7bitcasino.com,"EN, RU","Casino, Live Casino","BTC, LTC, ETH, DOGE, BCH","VISA, Mastercard, Maestro, Cubits, Skrill, Neteller, PaySafeCard, Rapid Transfer, EcoPayz, Zimpler, Sofort, GiroPay",?,-,292470,141 008,112 949,106 103,138 399,126 567,71 853,72 934,134 824,161 501,119 993,67 849,86 504,"27,49%"
80,loot.bet,"EN, RU, PL, ES, DE, TR, FL, PH, PT, CN",E-sport,"BTC, ETH","VISA, Mastercard, Skrill, Neteller, Moneta.ru, Qiwi, Yandex Money",?,-,329434,292 344,203 690,164 107,171 589,156 507,114 019,81 882,76 760,71 654,87 489,73 887,85 470,"15,68%"
81,slotland.eu,EN,Casino,"BTC, BCH, LTC","VISA, Mastercard, Neteller, Skrill",https://news.slotland.eu/,-,256894,242 220,217 480,183 531,223 731,138 348,93 986,119 504,140 632,122 442,144 382,114 900,82 386,"-28,30%"
82,thunderpick.com,"RU, PT, TR, CN, EN, ES","Casino, E-Sport, Sport","BTC, XRP, LTC, ETH, BCH, ZEC, DASH, LSK, BTG, TRX","vIRL & VGO, Gift card, VISA, Mastercard, Maestro, EntroPay, PaySafeCard, Skrill, EcoPayz, Qiwi, WebMoney, Yandex Money, Boleto Voucher, Moneta.ru",https://blog.thunderpick.com/,5 (provider game),232751,446 728,327 476,314 804,256 649,301 617,126 477,116 478,96 953,60 529,65 651,73 342,81 380,"10,96%"
83,casinoextreme.eu,EN,"Casino, Live Casino, Other","BTC, ETH, LTC, BCH, DASH, DOGE, XMR, XRP","VISA, Mastercard, Neteller, PaySafeCard, UPayCard, Skrill, EcoPayz, NeoSurf, Gift Card, QB Direct",https://casinoextreme.eu/blog/,-,337371,203 136,208 969,165 786,290 995,166 617,135 979,156 012,145 256,141 448,195 051,131 404,75 835,"-42,29%"
84,lafiestacasino.com,"EN, ES, DE, FR, FI, IT, NO, RU, SV","Casino, Live Casino",BTC,"VISA, Mastercard, Maestro, MuchBetter, PaySafeCard, EcoPayz, Neteller, Skrill, CashLib, AstroPay, BoletoBancario",?,-,362303,124 795,247 564,162 948,208 956,141 265,79 113,90 135,134 162,103 816,128 983,72 524,68 172,"-6,00%"
85,nanogames.io,"EN, CN","Casino, Other","ETH, NANO, BTC, BAN, DOGE, XNOS, CUB, LTC",?,?,15,540494,187 812,207 602,573 108,411 528,362 989,220 821,114 103,132 079,81 830,60 261,82 887,67 747,"-18,27%"
86,betcoin.ag,EN,"Sport, E-Sport, Casino, Live Casino, Other","BTC, ETH, LTC, XRP, BCH, DASH, ETC, XMR",?,https://www.betcoin.ag/forums,-,302475,107 094,84 113,72 957,396 775,76 009,39 809,67 261,53 515,62 947,173 964,90 204,66 882,"-25,85%"
87,joocasino.com,"RU, EN, DE","Casino, Live Casino, Other","BTC, ETH, BCH, LTC, DOGE","VISA, Mastercard, Maestro, Skrill, Neteller, EcoPayz, WebMoney, Qiwi, Yandex Money, PaySafeCard, Zimpler",?,15 (provider game),337319,63 014,63 355,32 886,86 120,67 754,55 868,44 848,63 041,50 145,146 823,226 841,64 384,"-71,62%"
88,ethercrash.io,EN,Other,ETH,?,?,-,374845,136 238,72 411,89 319,120 548,68 699,28 874,38 216,44 075,73 088,84 715,81 672,62 021,"-24,06%"
89,oshi.io,EN,"Casino, Live Casino, Other",BTC,"Neteller, Skrill, Zimpler, PaySafeCard, iDeal, Bank Transfer, AlfaClick, Comepay, VISA, Mastercard, Maestro, Euroset, Mobile Commerce, Promsvyaz Bank, Svyaznoy, Qiwi, Yandex Money, Interac, NeoSurf, PurplePay, EcoPayz, WebMoney, iDebit, InstaDebit, OrangePay",?,5 (provider game),367206,41 092,48 787,43 407,54 287,122 069,25 545,24 403,32 278,40 821,41 479,43 747,60 584,"38,49%"
90,zetcasino.com,"EN, RU, PL, HU, DE, PT, NO, TR, FI","Casino, Live Casino","BTC, ETH, LTC, XRP","VISA, Mastercard, Trustly, Uberweisung, EPS, Klarna, PaySafeCard, EcoPayz, Payeer, Zimpler",?,-,339324,27 705,50 223,37 357,74 749,64 745,88 182,47 457,71 772,52 610,48 664,60 962,59 983,"-1,61%"
91,bitdice.me,EN,"Casino. Sports, Other","ETH, LTC, BTC, DOGE, CSNO, EOS",?,?,78,1890418,27 502,60 389,96 992,41 350,32 409,45 871,47 069,74 970,47 362,9 214,46 963,55 520,"18,22%"
92,casinoroyale.bet,"EN, RU, CN, KA, AR, KR, JP",Casino,"BTC, BCC, LTC, DASH, DCR, DOGE, ETH, ETC, XMR, ZEC, USDT, XRP, KMD, LSK, QTUM, STRAT, WAVES, XEM, NEO, XVG, DGB, TRX, BCN",?,?,75,598138,231 263,194 058,316 050,186 774,145 154,117 433,94 138,97 571,70 478,61 790,47 020,54 715,"16,37%"
93,bitvest.io,EN,Casino,"BTC, ETH, LTC, DOGE, BCH, Tokens",?,?,20,665041,123 653,136 302,181 067,93 926,160 728,84 793,149 913,145 690,271 926,187 339,131 997,51 903,"-60,68%"
94,betchain.com,"EN, RU, DE, ES, IT, FR, PT, TR, GR, NO","Casino, Live Casino, Other","BTC, BCH, LTC, ETH, DOGE, USDT","VISA, Mastercard, Skrill, PaySafeCard, Neteller, Sofort, EcoPayz, iDebit, InstaDebit, Zimpler, Yandex Money, Qiwi, Svyaznoy, Promsvyaz Bank, Alfa Bank",?,5 (provider game),394687,118 598,87 258,105 028,124 599,113 139,82 444,69 423,70 410,75 989,64 049,46 752,47 638,"1,90%"
95,enzocasino.com,"EN, ES, DE, FR, FI, IT, NO, RU, SV","Casino, Live Casino, Other",BTC,"VISA, Mastercard, Maestro, Neteller, PaySafeCard, Skrill, EcoPayz",?,-,479805,29 303,34 639,35 439,25 803,19 817,21 621,35 276,36 350,29 102,33 019,30 882,45 885,"48,58%"
96,cyberdice.net,EN,Dice,BTC,?,?,13,761084,270 723,236 108,10 205,19 242,96 452,42 364,50 996,31 844,5 040,6 875,31 804,42 830,"34,67%"
97,onehash.com,"EN, ES, PT, RU, CN, FR","Slots, Dice, E-Sport, Sport",BTC,?,?,13,553229,351 380,397 510,377 307,836 394,263 319,349 028,271 808,61 294,65 761,38 168,48 128,41 747,"-13,26%"
98,just-dice.com,EN,Dice,CLAM,?,?,-,884776,46 454,41 414,32 802,25 042,13 816,8 536,8 218,12 034,29 444,89 051,101 859,41 325,"-59,43%"
99,wixiplay.io,"EN, RU, ES, RO, PT, IN, ID, PH, GE","Casino, Dice, Other","BTC, BCH, DASH, LTC, DOGE",?,?,-,591229,37 433,46 840,36 521,45 290,52 652,46 269,723 718,74 042,362 768,108 964,34 991,41 197,"17,74%"
100,ahtigames.com,"NO, DK, DE, EN","Casino, Live Casino, Other",BTC,"VISA, Mastercard, Trustly, Skrill, Neteller, Zimpler, Sofort, Banking by Citadel, Cubits, EcoPayz, Entercash, EntroPay, Bank Transfer, Siru Mobile",?,-,617860,52 081,37 819,58 757,221 627,124 797,128 313,71 064,55 833,51 636,43 041,44 991,35 785,"-20,46%"
101,casinomax.com,EN,"Casino, Other",BTC,"VISA, American Express, Mastercard",?,-,694792,88 743,52 191,46 470,65 611,93 738,27 516,19 395,29 323,22 574,17 941,38 465,32 887,"-14,50%"
102,bustadice.com,EN,Dice,BTC,?,?,49,553129,40 457,31 624,56 066,38 589,42 206,16 189,25 003,22 060,16 192,35 628,39 286,31 698,"-19,31%"
103,buff.bet,"EN, RU, TR, ES, CN, KR, JP, DE, PT","Sport, E-Sport, Casino, Live Casino, Other",?,"VISA, Mastercard, Skrill, PaySafeCard, Neteller, Qiwi, Yandex Money, Moneta.ru, SkinPay, EcoPayz, iWallet",?,5 (provider game),691933,128 246,91 973,108 549,102 271,98 702,59 411,41 180,32 928,30 212,38 563,26 121,30 162,"15,47%"
104,superiorcasino.com,"EN, FR, DE, ES, IT, PT, SV, AR","Casino, Live Casino",BTC,"VISA, Skrill, Neteller, CashLib, PaySafeCard",http://blog.superiorcasino.com/,-,773415,154 203,171 767,167 038,126 727,120 361,108 625,96 107,92 325,57 895,44 541,36 593,27 447,"-24,99%"
105,24vipcasino.com,"EN, ES",Casino,BTC,"UPayCard, Skrill, PaySafeCard, Neteller, VISA, Mastercard",?,-,830775,115 726,121 159,101 486,141 737,108 700,54 562,55 802,44 208,45 283,46 272,51 165,27 126,"-46,98%"
106,konungcasino.com,?,?,?,?,?,5 (provider game),742518,17 473,18 512,41 888,16 662,16 008,14 012,19 957,16 443,10 140,9 943,18 203,27 024,"48,46%"
107,timessquarecasino.com,"EN, ES, DE, FR, DK, FI, IT, NB, RU, SV","Casino, Live Casino",BTC,"VISA, Mastercard, PostePay, PaySafeCard, Sofort, Trustly, iDeal, Euteller, Neteller, Skrill, EPS, GiroPay, EcoPayz, Easy EFT, Zimpler, Sporopay, WebMoney, AstroPay, Qiwi, TrustPay, Multibanco, SafetyPay, E-banking, Siru Mobile",?,-,737824,34 118,25 127,72 210,36 420,22 147,10 158,21 130,24 494,19 173,30 001,24 140,26 736,"10,75%"
108,goldenstar-casino.com,"RU, EN, DE, NO, FI, ES, CS, PL","Casino, Live Casino, Other",BTC,"VISA, Mastercard, CoinsPaid, Neteller, Skrill, Qiwi, PaySafeCard, YandexMoney, WebMoney, NeoSurf, EcoPayz",?,5 (provider game),685991,55 754,72 515,71 456,57 102,88 097,38 100,34 264,43 532,45 304,65 728,48 301,26 376,"-45,39%"
109,bitcoincasino.us,"RU, EN, ES, DE, CN, JP","Casino, Live Casino, Other","BTC, BCH, ETH, LTC, DOGE",?,?,5 (provider game),677617,99 907,63 169,79 196,50 182,54 685,38 896,26 032,46 206,48 646,40 010,23 975,24 128,"0,64%"
110,betonbit.com,EN,"Sport, E-Sport","BTC, BCH, ETH",?,https://blog.betonbit.com/,-,1039180,47 154,53 877,57 864,32 198,24 900,15 121,23 363,21 131,12 431,12 016,8 516,24 079,"182,75%"
111,bitcoinvideocasino.com,?,?,?,?,?,40,1072048,5 000,5 000,5 000,5 000,5 878,5 000,5 000,5 000,5 000,23 383,34 104,23 984,"-29,67%"
112,betpawa.co.ke,EN,"Casino, Sports",?,"MTN, Airtel Money",?,-,1256268,16 940 000,16 020 000,14 590 000,11 430 000,5 003 000,218 896,68 900,30 254,32 447,17 380,14 222,23 474,"65,05%"
113,mars.casino,"EN, RU","Casino, Live Casino, Other","BTC, LTC, ETH, DOGE","VISA, Mastercard, Maestro, Skrill, Neteller, PaySafeCard, Sofort, Tether, Cubits, Zimpler, EcoPayz, Rapid Transfer, GiroPay",?,-,929950,33 722,38 593,47 331,56 712,63 138,18 527,14 339,15 121,11 343,7 781,11 865,21 273,"79,29%"
114,cryptowild.com,?,?,?,?,?,5 (provider game),761691,40 536,42 930,44 006,44 459,56 805,38 282,27 689,27 858,32 062,27 672,20 337,20 939,"2,96%"
115,swcpoker.eu,?,?,?,?,?,-,1245743,37 022,53 770,42 747,35 826,30 892,17 953,21 072,23 495,19 490,15 344,16 552,20 599,"24,45%"
116,champagnespins.com,"RU, EN, DE","Casino, Live Casino, Other","BTC, BCH, ETH, LTC, DOGE","VISA, Mastercard, Skrill, Neteller, PaySafeCard, Sofort, EcoPayz, Zimpler, iDebit, InstaDebit, Qiwi, Yandex Money",?,-,853238,33 052,107 150,55 923,51 803,34 333,43 317,39 368,26 851,16 302,24 525,27 573,20 122,"-27,02%"
117,dice.one,?,?,?,?,?,-,1027465,-,-,-,11 145,19 382,19 600,32 868,44 371,31 789,19 030,12 826,18 683,"45,67%"
118,bethash.io,"EN, CN, KR",Casino,"TRX, EOS, BTC, ETH, IOST, HASH, HPOINT, LYNX",?,?,3,1364164,6 745,44 147,28 179,51 082,14 850,20 048,11 217,6 277,5 520,6 219,5 477,17 445,"218,51%"
119,betjoe.com,?,?,?,?,?,-,1062858,5 000,15 906,5 000,5 000,5 530,5 000,5 000,7 733,10 027,16 193,38 732,17 423,"-55,02%"
120,coinsgainer.com,EN,Other,BTC,?,?,-,868164,1.00,56 148,795 092,5 000,926 928,142 353,27 117,13 428,34 223,36 372,28 039,17 340,"-38,16%"
121,asianconnect88.com,?,?,?,?,?,-,1294524,-,-,-,17 242,22 860,25 245,20 873,30 776,16 660,17 708,25 622,16 310,"-36,34%"
122,vodds.com,"EN, IN, CN, TH",Sport,BTC,"Skrill, Neteller, Bank Wire",https://blog.vodds.com/,-,857469,31 703,39 933,50 961,38 529,59 481,17 209,11 623,14 851,11 890,9 484,6 386,15 016,"135,14%"
123,bitcoinpenguin.com,EN,"Casino, Live Casino, Other","BTC, BCH, LTC, DOGE, USDT",?,?,5 (provider game),1120809,42 458,172 967,31 258,48 122,111 267,45 749,27 292,77 251,32 253,33 393,34 979,13 825,"-60,48%"
124,wildtornado.com,"RU, EN, DE, FR, FI, NO, PT, PL, IT","Casino, Live Casino, Other","ETH, LTC, BTC, BCH, DOGE, USDT","VISA, Mastercard, Maestro, Neteller, Skrill, EcoPayz, CoinsPaid, Bank Transfer, Qiwi, Yandex Money, InstaDebit, iDebit, NeoSurf, iDeal, Zimpler, Sofort, PaySafeCard",?,15 (provider game),1358406,44 158,47 826,47 178,38 966,45 411,37 997,45 968,41 795,31 629,37 085,38 364,13 414,"-65,03%"
125,cryptodozer.io,"EN, CN",Other,ETH,?,?,-,1492405,69 843,112 389,113 695,52 101,101 884,31 381,17 415,9 923,20 185,15 814,10 046,13 273,"32,12%"
126,1xslot.com,?,?,"BTC, LTC, DOGE, DASH, ETH, XMR, ZEC, XEM, BCN, DGB, BTG, ETC, XVG, QTUM, STRAT, XRP, USDC, TUSD, PAX, USDT, LINK, OMG, BAT, TRX, BTS",?,?,5,1107675,47 647,23 574,14 140,20 167,21 882,32 298,16 198,13 819,15 695,13 933,13 140,12 829,"-2,37%"
127,satoshidice.com,?,?,?,?,?,-,1797795,8 968,12 815,16 206,12 194,9 507,7 494,30 189,8 589,5 000,5 000,8 408,11 326,"34,71%"
128,playbitcoingames.com,EN,"Casino, Other","BTC, LTC",?,?,-,1751808,51 934,50 405,74 242,27 878,75 010,50 175,18 753,13 512,14 275,9 637,15 390,10 981,"-28,65%"
129,sportpesa.co.ke,EN,Sports,?,"M-Pesa, Airtel Money",?,-,1976199,17 250 000,16 710 000,14 760 000,11 060 000,5 809 000,1 248 000,720 992,112 743,28 407,20 438,12 091,10 569,"-12,59%"
130,8bet.io,?,?,?,?,?,-,1723509,39 603,39 068,45 253,34 921,25 499,17 572,17 619,19 280,19 134,21 489,19 086,10 450,"-45,25%"
131,rocketpot.io,EN,Other,BTC,?,?,-,1525140,-,-,-,5 000,5 000,5 000,16 659,109 762,96 099,43 972,10 921,9 458,"-13,40%"
132,rocket.run,EN,Other,"BTC, DASH, ETH, LTC, SNT, STORM, XLM, XRP, ZEC, MOC",?,?,-,1416332,96 587,499 459,523 650,129 529,116 284,35 531,34 195,33 218,15 724,12 886,15 615,9 166,"-41,30%"
133,24kcasino.com,?,?,?,?,?,-,1889226,155 315,15 822,22 292,7 617,8 779,7 730,7 482,8 652,9 097,13 578,12 273,8 609,"-29,85%"
134,ethex.bet,EN,Other,ETH,?,?,-,2530059,24 419,44 038,52 370,42 676,11 347,5 000,5 000,5 000,5 000,5 000,18 883,8 402,"-55,50%"
135,mintdice.com,?,?,?,?,?,-,1798112,-,-,-,-,-,12 579,14 327,17 432,7 081,6 365,14 774,6 693,"-54,70%"
136,chipmixer.com,?,?,?,?,?,-,1558042,5 007,5 998,7 896,9 091,8 509,8 528,5 000,5 000,6 514,5 000,5 114,6 409,"25,32%"
137,betscorum.com,?,?,?,?,?,-,2432051,20 973,15 114,15 129,5 467,13 280,22 997,5 000,5 141,7 603,5 000,5 000,6 406,"28,12%"
138,blitzcoiner.com,EN,Other,BTC,?,?,-,2539372,-,-,-,1.00,7 050,77 989,48 606,22 088,5 000,5 000,5 000,5 821,"16,42%"
139,burancasino.com,?,?,?,?,?,-,2351136,20 188,25 860,27 423,17 345,17 832,15 217,14 686,10 007,5 000,8 916,6 090,5 062,"-16,88%"
140,cryptopokerclub.io,?,?,?,?,?,-,3577099,49 521,25 266,24 829,12 426,34 420,14 636,5 000,7 524,5 983,6 451,8 257,5 000,"-39,45%"
141,herosphere.gg,"EN, DE",Other,?,"Skrill, Rapid Transfer, Coinfinity, PayPal, Mastercard, VISA",?,-,3262348,10 936,8 966,5 271,11 557,6 378,5 000,9 136,49 995,27 380,11 060,8 138,5 000,"-38,56%"
142,mongoosecasino.com,?,?,?,?,?,-,2733675,39 478,28 751,26 696,48 104,74 871,45 175,17 992,13 317,13 167,8 892,6 929,5 000,"-27,84%"
143,bit-exo.com,?,"Casino, Other","BTC, BXO, CLAM, DOGE, ETH, LTC",?,?,37,4606022,12 830,16 691,25 060,11 601,21 961,6 622,6 995,21 469,6 576,6 075,6 731,5 000,"-25,72%"
144,playbetr.com,EN,"Casino, Live Casino, Sport","BTC, ETH, LTC, BCH, XRP, DASH, ETC, XMR, BNB, USDC, TUSD, PAX, DAI, PBR",?,?,?,3053298,149 909,488 159,338 316,12 389,9 420,5 000,5 000,5 000,5 000,5 000,5 539,5 000,"-9,73%"
145,coinbet24.com,?,?,?,?,?,-,3231168,21 517,12 698,5 000,8 355,6 996,34 233,18 966,13 058,6 122,9 420,5 000,5 000,"0,00%"
146,winrate.eu,"EN, RU, DE",Casino,"BTC, ETH, LTC, DOGE, BTC","VISA, Mastercard, Qiwi, UnionPay, JCB, Alipay, Comepay, Moneta.ru, Yandex Money, WeChatPay",https://winrate.eu/site/news,15 (provider game),3466151,20 710,16 817,27 662,22 864,15 216,5 295,5 000,5 471,6 103,9 208,5 000,5 000,"0,00%"
147,sportbet.one,?,?,?,?,?,-,1696550,-,-,-,5 000,5 000,5 000,5 000,5 000,8 906,8 506,5 000,5 000,"0,00%"
148,bitcoinrush.io,?,?,?,?,https://www.bitcoinrush.io/blog/,-,2930641,7 116,23 700,16 358,8 685,13 788,6 553,5 000,5 000,5 000,6 269,5 000,5 000,"0,00%"
149,hrwager.ag,EN,"Casino, Sport, Other",BTC,"VISA, Mastercard, BOSS Revolution, Cash Code, Zpay, Bank Transfer",https://www.hrwager.ag/blog,5 (provider game),14496571,35 135,5 000,5 000,7 266,1.00,5 000,5 000,5 000,9 668,6 206,5 000,5 000,"0,00%"
150,vegascasino.io,?,?,?,?,https://vegascasino.io/bitcoin-blog/,-,9875485,35 591,93 915,46 963,26 795,42 444,13 747,22 722,14 882,5 000,5 000,5 000,5 000,"0,00%"
151,betbtc.io,?,?,?,?,https://www.betbtc.io/blog-news,-,6751573,5 000,5 000,5 000,7 717,1.00,5 000,5 000,5 061,5 000,5 000,5 000,5 000,"0,00%"
152,playloteo.com,?,?,?,?,?,-,12698291,-,-,-,43 386,37 316,14 120,9 565,5 000,5 000,5 000,5 000,5 000,"0,00%"
153,bitplay.club,?,?,?,?,?,-,2898138,43 131,19 153,5 434,25 435,47 599,8 410,6 441,5 000,5 000,5 000,5 000,5 000,"0,00%"
154,bitdouble.io,EN,Casino,BTC,?,?,-,10609098,94 717,85 066,93 280,178 908,183 468,56 572,6 107,5 000,5 000,5 000,5 000,5 000,"0,00%"
155,cryptoskull.com,?,Other,?,?,?,-,3868213,39 265,33 252,25 689,26 360,19 912,9 659,5 947,5 000,5 000,5 000,5 000,5 000,"0,00%"
156,multicoingames.com,?,?,?,?,?,-,7349543,-,-,-,1.00,5 000,8 078,5 000,5 000,5 000,5 000,5 000,5 000,"0,00%"
157,bitgame.online,?,?,?,?,?,-,5759038,5 000,5 000,5 000,5 000,7 603,6 618,5 000,5 000,5 000,5 000,5 000,5 000,"0,00%"
158,cryptogames.io,?,?,?,?,?,15,11807121,35 343,37 562,38 339,20 908,23 061,5 000,5 000,5 000,5 000,5 000,5 000,5 000,"0,00%"
159,truegame.io,?,?,?,?,?,?,7614121,8 200,75 813,8 441,7 718,12 444,5 000,5 000,5 000,5 000,5 000,5 000,5 000,"0,00%"
160,megadice.com,?,?,?,?,?,-,2917332,5 000,5 000,6 861,10 026,8 306,5 000,5 000,5 000,5 000,5 000,5 000,5 000,"0,00%"
161,777coin.com,?,?,?,?,?,-,7912110,5 000,6 026,12 157,5 000,5 438,5 000,5 000,5 000,5 000,5 000,5 000,5 000,"0,00%"
162,vipcoincasino.com,?,?,?,?,?,-,31872885,-,-,-,1.00,5 000,5 000,5 000,5 000,5 000,5 000,5 000,5 000,"0,00%"
163,dbet.io,?,?,?,?,?,-,5066429,-,-,-,1.00,5 000,5 000,5 000,5 000,5 000,5 000,5 000,5 000,"0,00%"
164,battlebit.io,?,?,?,?,?,-,7534684,-,-,-,5 000,5 000,5 000,5 000,5 000,5 000,5 000,5 000,5 000,"0,00%"
165,cryptomaniaslots.com,?,?,?,?,?,-,7519744,-,-,-,6 055,5 000,5 000,5 000,5 000,5 000,5 000,5 000,5 000,"0,00%"
166,coinroyale.com,?,?,?,?,?,-,6131919,5 000,5 000,10 869,7 193,1.00,5 000,5 000,5 000,5 000,5 000,5 000,5 000,"0,00%"
167,safedice.com,?,?,"BTC, XMR, BCH",?,?,4,4755418,5 445,8 365,5 000,5 000,1.00,5 000,5 000,5 000,5 000,5 000,5 000,5 000,"0,00%"
168,puertocasino.com,?,?,?,?,?,-,18995888,5 000,5 000,5 000,5 000,1.00,5 000,5 000,5 000,5 000,5 000,5 000,5 000,"0,00%"
169,btcarena.gg,?,?,?,?,?,-,14559318,5 000,5 000,5 000,5 000,1.00,5 000,5 000,5 000,5 000,5 000,5 000,5 000,"0,00%"
170,mbet.io,?,?,?,?,?,-,5604200,5 000,5 000,5 000,5 000,1.00,5 000,5 000,5 000,5 000,5 000,5 000,5 000,"0,00%"
171,luckybity.com,?,?,?,?,?,-,5005111,5 000,5 000,5 000,1.00,1.00,5 000,5 000,5 000,5 000,5 000,5 000,5 000,"0,00%"
172,iobet.io,?,?,?,?,?,-,21135962,-,-,-,1.00,1.00,5 000,5 000,5 000,5 000,5 000,5 000,5 000,"0,00%"
173,1xslotmobi3.xyz,?,?,?,?,?,-,24371115,44 693,28 888,5 000,5 000,1.00,1.00,1.00,1.00,5 000,5 000,5 000,5 000,"0,00%"
174,smartroulette.io,?,?,?,?,?,-,7339192,5 000,5 000,5 000,5 000,1.00,5 000,5 000,5 000,1.00,5 000,5 000,5 000,"0,00%"
175,livecasino.io,?,?,?,?,?,-,17530685,5 000,5 000,5 000,5 000,1.00,5 000,5 000,5 000,1.00,5 000,5 000,5 000,"0,00%"
176,bits.game,?,?,?,?,?,-,16175976,-,-,-,1.00,5 000,5 000,5 000,5 000,1.00,1.00,5 000,5 000,"0,00%"
177,crashdice.com,?,?,?,?,?,-,26323369,1.00,1.00,5 000,9 647,1.00,5 000,5 000,5 000,1.00,1.00,5 000,5 000,"0,00%"
178,llamagaming.com,?,?,?,?,?,15 (provider game),12412581,5 000,5 000,5 000,5 000,1.00,1.00,5 000,5 000,1.00,1.00,5 000,5 000,"0,00%"
179,bitcoin-casino.io,?,?,?,?,?,-,21719637,5 000,5 000,5 000,5 000,1.00,5 000,5 000,5 000,5 000,5 000,1.00,5 000,"499900,00%"
180,cybergames.io,?,?,?,?,?,-,17682140,5 000,8 358,19 164,5 000,1.00,5 000,1.00,5 000,1.00,5 000,1.00,5 000,"499900,00%"
181,btcdice.io,?,?,?,?,?,-,12757142,-,-,-,1.00,1.00,1.00,5 000,5 000,1.00,1.00,1.00,5 000,"499900,00%"
182,2.win.playzigzag777.com,"RU, EN, DE, PL, SV, CN, UA, TR, RO","Casino, Live Casino, Sport, Other","BTC, ETH","VISA, Mastercard, Yandex Money, Qiwi, Skrill, Neteller, EcoPayz, WebMoney, Moneta.ru, Bank Transfer, Alfa Bank, Beeline, Tele2, Megafon, MTS, Perfect Money, Payeer, Piastrix, EPS, iDeal, Payment terminal",?,-,-,45 705,42 803,63 426,22 354,1.00,5 000,5 000,1.00,1.00,1.00,1.00,5 000,"499900,00%"
183,jetspin.com,"RU, EN, DE, ES, NO, FI, CN, JP","Casino, Live Casino",BTC,"VISA, Mastercard, Skrill, Neteller, PaySafeCard, Sofort, EcoPayz, Zimpler, Qiwi, Yandex Money",https://blog.jetspin.com/,-,-,90 100,58 225,128 431,45 494,35 828,21 502,7 948,5 000,5 000,5 000,5 000,1.00,"-99,98%"
184,megawins.com,"EN, RU","Casino, Live Casino, Other",BTC,"VISA, Mastercard, Maestro, Skrill, Neteller, Bank Transfer, Sofort, Cubits, PaySafeCard, Trustly",?,-,-,54 810,99 586,53 507,15 869,6 680,5 437,5 000,5 000,5 000,5 000,5 000,1.00,"-99,98%"
185,cryptobet.online,?,?,?,?,?,-,-,5 000,13 359,5 000,5 000,1.00,5 000,1.00,5 000,5 000,5 000,5 000,1.00,"-99,98%"
186,dice.vdice.io,?,?,?,?,https://blog.vdice.io/,-,-,5 000,5 000,5 000,5 000,1.00,5 000,5 000,5 000,1.00,5 000,5 000,1.00,"-99,98%"
187,dogedraw.com,?,?,?,?,?,-,-,-,-,-,1.00,5 000,5 000,5 000,5 000,5 000,1.00,5 000,1.00,"-99,98%"
188,space.casino,?,?,?,?,?,5 (provider game),-,46 021,35 643,36 418,5 000,1.00,5 000,5 000,5 000,1.00,5 000,1.00,1.00,"0,00%"
189,oddevenbets.com,?,?,?,?,?,-,-,5 000,5 000,5 000,5 000,1.00,5 000,5 000,5 000,1.00,5 000,1.00,1.00,"0,00%"
190,btcgamings.com,?,?,?,?,?,-,-,-,-,-,1.00,5 000,5 000,1.00,1.00,1.00,5 000,1.00,1.00,"0,00%"
191,betlake.com,?,?,?,?,?,-,-,5 000,5 000,5 000,1.00,1.00,1.00,1.00,1.00,1.00,5 000,1.00,1.00,"0,00%"
192,booi.ws,"EN, RU","Casino, Live Casino, Other",BTC,"DotPay, EcoPayz, Moneta.ru, Neteller, PaySafeCard, Qiwi, Skrill, Sofort, WebMoney, Yandex Money, Maestro, MasterCard, VISA",?,-,-,13 950,22 185,12 690,5 000,1.00,5 000,5 000,5 000,5 000,1.00,1.00,1.00,"0,00%"
193,vipclub360.com,?,?,?,?,?,-,-,12 359,35 525,6 654,5 000,1.00,5 000,5 000,5 000,5 000,1.00,1.00,1.00,"0,00%"
194,socialbet.io,?,?,?,?,?,-,-,-,-,-,1.00,1.00,1.00,5 000,1.00,5 000,1.00,1.00,1.00,"0,00%"
195,dasistcasino9.com,?,?,?,?,?,15 (provider game),-,10 374,5 000,5 723,5 000,1.00,5 000,5 000,5 000,1.00,1.00,1.00,1.00,"0,00%"
196,coke.bet,"EN, CN","Dice, Other",ETH,?,?,-,-,1.00,1.00,5 000,5 000,1.00,5 000,1.00,5 000,1.00,1.00,1.00,1.00,"0,00%"
197,2.argocasino50.com,?,?,?,?,?,-,-,18 630,45 069,32 652,5 000,1.00,5 000,5 000,1.00,1.00,1.00,1.00,1.00,"0,00%"
198,reeldice.com,?,?,?,?,?,-,-,1.00,1.00,5 000,5 000,1.00,5 000,5 000,1.00,1.00,1.00,1.00,1.00,"0,00%"
199,midas89.com,?,?,?,?,?,-,-,-,-,-,1.00,5 000,5 000,1.00,1.00,1.00,1.00,1.00,1.00,"0,00%"
200,lokicasino23.com,?,?,?,?,?,5 (provider game),-,14 648,40 726,10 295,5 000,1.00,5 000,1.00,1.00,1.00,1.00,1.00,1.00,"0,00%"
201,nanodice.io,?,?,?,?,?,-,-,5 000,5 000,5 000,5 000,1.00,5 000,1.00,1.00,1.00,1.00,1.00,1.00,"0,00%"
202,gogooption.com,?,?,?,?,?,-,-,1.00,5 000,5 000,5 000,1.00,1.00,1.00,1.00,1.00,1.00,1.00,1.00,"0,00%"
203,blitzmoon.com,?,?,?,?,?,-,-,1.00,1.00,5 000,5 000,1.00,1.00,1.00,1.00,1.00,1.00,1.00,1.00,"0,00%"
204,lode68.com,?,?,?,?,?,-,-,1.00,1.00,1.00,5 000,1.00,1.00,1.00,1.00,1.00,1.00,1.00,1.00,"0,00%"
205,shivabet.com,?,?,?,?,?,-,-,5 000,5 000,1.00,1.00,1.00,1.00,1.00,1.00,1.00,1.00,1.00,1.00,"0,00%"
206,blackjack.fun,?,?,?,?,?,-,-,1.00,1.00,1.00,1.00,1.00,1.00,1.00,1.00,1.00,1.00,1.00,1.00,"0,00%"
207,cryptolot.cc,?,?,?,?,?,-,-,-,-,-,1.00,1.00,1.00,1.00,1.00,1.00,1.00,1.00,1.00,"0,00%"
,,,,,,,,,,,,,,,,,,,,,